Periodo;Juicios iniciados por personas trabajadoras en unidades productivas, notificados en el mes de referencia (1);Juicios iniciados por personas trabajadoras en casas particulares, notificados en el mes de referencia (2);Total de juicios notificados en el mes de referencia (3);Sentencias dictadas en el mes de referencia (4);Stock acumulado de juicios sin resolver (5);;Unidades Productivas ;Sin personas trabajadoras declaradas;1;2;3-may;6-oct;nov-25;26-40;41-50 ;51-100;101-500;501-1500 ;1501-2500;2501-5000 ;Mas de 5000;Sin datos;Total unidades productivas;Total casas particulares;Total sistema;;Unidades Productivas ;C.A.B.A.;Buenos Aires;Catamarca;Córdoba;Corrientes;Entre Ríos;Jujuy;Mendoza;La Rioja;Salta;San Juan;San Luis;Santa Fe;Sgo. del Estero;Tucumán;Chaco;Chubut;Formosa;Misiones;Neuquén;La Pampa;Río Negro;Santa Cruz;Tierra del Fuego;Sin datos;Total unidades productivas;Total casas particulares;Total sistema;;Unidades Productivas ;Berkley ART;Prevención;Provincia;La Segunda;Interacción;Fed. Patronal;Prod. de Frutas;La Holando;Experta ART.;Victoria;La Meridional;MAPFRE;Galeno;Swiss Medical;Inst. Autarq. E.R.;Asociart;Horizonte;Caja Popular;Latitud Sur;Reconquista;Liderar ART;Caminos Protegidos;Omint;Mutual Petroleros;Mutual Rural;Andina ART;Exxonmobil;Shell;Coop. Port. San Martin;Sgo. del Estero;Municip. Rosario;Autoaseg. Pcia. de Buenos Aires;Total unidades productivas**;Total casas particulares;Total sistema;;Unidades productivas ;Agricultura, ganaderia, caza, silvicultura y pesca;Explotacion de minas y canteras;Industria manufacturera;Suministro de electricidad, gas, vapor y aire acondicionado;Suministro de agua, cloacas, gestion de residuos y recuperacion de materiales y saneamiento publico;Construccion;"Comercio al por mayor y al por menor; reparacion de vehiculos automotores y motocicletas";Servicio de transporte y almacenamiento;Servicios de alojamiento y servicios de comida;Informacion y comunicaciones;Intermediacion financiera y servicios de seguros;Servicios inmobiliarios;Servicios profesionales, cientificos y tecnicos;Actividades administrativas y servicios de apoyo;Administracion publica, defensa y seguridad social obligatoria;Enseñanza;Salud humana y servicios sociales;Servicios artisticos, culturales, deportivos y de esparcimiento;Servicios de asociaciones y servicios personales;Servicios de organizaciones y organos extraterritoriales;Sin datos;Total unidades productivas ;Total casas particulares ;Total sistema
ene-10;609;0;609;1;608;ene-10;;0;5;6;16;13;37;19;18;42;104;143;47;49;69;41;609;0;609;ene-10;;223;92;1;124;2;3;3;31;1;0;0;5;72;0;22;1;4;0;2;14;1;5;3;0;0;609;0;609;ene-10;;3;11;1;110;1;4;0;0;11;0;0;0;467;0;0;1;0;0;0;0;0;0;0;0;0;0;0;0;0;0;0;0;609;0;609;ene-10;;15;1;230;2;;51;58;81;;;58;;;;109;;;;;;4;609;0;609
feb-10;4160;0;4160;8;4760;feb-10;;0;55;49;128;177;312;206;135;330;865;561;214;227;528;373;4160;0;4160;feb-10;;1180;684;2;1013;6;41;9;196;0;4;28;41;744;0;62;27;15;3;19;62;3;16;1;4;0;4160;0;4160;feb-10;;53;649;488;401;141;88;3;40;769;4;0;0;941;281;6;262;9;0;0;9;0;0;0;0;0;0;0;0;0;0;0;16;4160;0;4160;feb-10;;123;16;1342;31;;456;464;403;;;308;;;;962;;;;;;52;4160;0;4160
mar-10;5194;0;5194;27;9927;mar-10;;0;59;60;177;202;385;207;129;448;1179;653;298;304;587;506;5194;0;5194;mar-10;;1385;943;1;1249;14;37;13;230;0;7;12;38;957;3;136;6;22;1;28;70;4;30;5;1;2;5194;0;5194;mar-10;;39;803;497;506;192;136;7;59;979;7;0;0;1140;389;11;379;17;1;2;8;0;0;0;0;0;0;0;0;0;0;0;22;5194;0;5194;mar-10;;182;16;1657;15;;555;577;600;;;368;;;;1173;;;;;;50;5194;0;5194
abr-10;4795;0;4795;81;14641;abr-10;;0;84;52;153;226;320;204;104;393;1144;635;346;289;426;419;4795;0;4795;abr-10;;1302;847;2;1194;23;32;11;112;3;6;18;24;887;3;165;10;27;4;34;39;6;40;4;1;1;4795;0;4795;abr-10;;60;720;369;537;192;89;3;42;811;6;0;0;1293;330;4;293;25;1;2;5;0;0;0;0;0;0;0;0;0;0;0;13;4795;0;4795;abr-10;;145;31;1751;23;;452;543;498;;;343;;;;963;;;;;;42;4795;0;4795
may-10;4538;0;4538;113;19066;may-10;;0;69;50;137;213;349;231;118;358;1027;517;259;258;471;481;4538;0;4538;may-10;;1242;780;1;1193;11;29;11;234;0;6;12;28;752;0;118;9;22;1;28;22;3;34;2;0;0;4538;0;4538;may-10;;63;730;351;416;164;136;5;34;838;4;0;0;1085;319;2;328;29;5;0;9;1;0;0;0;0;0;0;0;0;0;0;19;4538;0;4538;may-10;;142;23;1498;19;;457;549;491;;;313;;;;992;;;;;;45;4538;0;4538
jun-10;4740;0;4740;289;23517;jun-10;;0;74;68;148;197;372;254;141;388;1050;586;294;298;479;391;4740;0;4740;jun-10;;1268;714;0;1068;9;49;13;546;1;11;18;29;784;25;83;8;23;3;46;5;5;28;3;0;1;4740;0;4740;jun-10;;63;833;354;509;179;96;5;29;794;9;0;0;1038;407;8;366;22;0;2;7;0;0;0;0;0;0;0;0;0;0;0;19;4740;0;4740;jun-10;;183;31;1456;19;;478;536;588;;;344;;;;1021;;;;;;79;4740;0;4740
jul-10;3491;0;3491;296;26712;jul-10;;0;39;33;110;131;278;206;89;298;737;428;240;248;347;307;3491;0;3491;jul-10;;1115;547;2;716;10;24;7;330;0;8;11;21;563;4;52;1;21;2;21;4;5;22;4;1;0;3491;0;3491;jul-10;;47;482;244;370;128;123;0;28;578;8;0;0;977;230;3;214;16;1;1;8;11;0;0;0;0;0;0;0;0;0;0;22;3491;0;3491;jul-10;;107;15;1156;15;;322;420;408;;;282;;;;708;;;;;;56;3491;0;3491
ago-10;5720;0;5720;341;32091;ago-10;;0;83;66;197;250;469;300;159;451;1286;705;313;445;465;531;5720;0;5720;ago-10;;1619;912;1;1328;18;40;14;409;2;12;20;41;1053;8;57;10;31;3;49;55;3;31;1;3;0;5720;0;5720;ago-10;;49;986;362;532;224;176;6;46;1096;9;0;0;1324;446;7;399;16;2;0;13;3;0;0;0;0;0;0;0;0;0;0;24;5720;0;5720;ago-10;;167;21;1868;18;;736;670;690;;;383;;;;1083;;;;;;77;5720;0;5720
sep-10;5724;0;5724;494;37321;sep-10;;0;101;69;205;214;447;279;147;448;1329;730;326;411;559;459;5724;0;5724;sep-10;;1699;955;0;1160;25;36;12;459;1;4;24;58;1006;4;83;6;25;7;30;109;1;14;5;1;0;5724;0;5724;sep-10;;42;970;399;538;199;172;8;40;1020;7;0;0;1332;496;11;408;32;3;3;8;3;1;0;0;0;0;0;0;0;0;0;32;5724;0;5724;sep-10;;182;29;1832;31;;665;694;646;;;409;;;;1164;;;;;;60;5724;0;5724
oct-10;5064;0;5064;468;41917;oct-10;;0;76;55;163;229;376;247;129;385;1184;679;293;328;496;424;5064;0;5064;oct-10;;1458;870;3;995;15;57;4;494;1;9;6;56;835;26;73;7;28;7;28;27;6;55;3;1;0;5064;0;5064;oct-10;;53;961;363;443;158;167;5;56;895;6;0;0;1125;352;14;372;47;3;2;5;5;0;0;0;0;0;0;0;0;0;0;32;5064;0;5064;oct-10;;160;26;1608;21;;554;599;604;;;393;;;;1021;;;;;;64;5064;0;5064
nov-10;4872;0;4872;548;46241;nov-10;;0;95;66;182;196;425;223;145;390;1048;743;244;373;404;338;4872;0;4872;nov-10;;1535;774;0;766;12;50;10;370;2;10;24;32;1005;40;80;12;21;2;27;53;7;37;2;1;0;4872;0;4872;nov-10;;54;878;311;426;171;158;4;52;813;5;0;0;1102;377;12;385;54;10;2;13;6;0;0;0;0;0;0;0;0;0;0;39;4872;0;4872;nov-10;;173;42;1556;28;;486;574;539;;;364;;;;1052;;;;;;51;4872;0;4872
dic-10;4127;0;4127;698;49670;dic-10;;0;109;62;143;171;341;245;96;343;904;540;205;305;383;280;4127;0;4127;dic-10;;1303;684;2;596;15;23;13;461;1;3;16;27;756;23;78;6;14;1;29;37;3;34;1;0;1;4127;0;4127;dic-10;;51;779;254;405;132;109;4;39;788;7;0;0;818;295;7;358;37;3;3;11;6;0;0;0;0;0;0;0;0;0;0;21;4127;0;4127;dic-10;;128;23;1322;27;;446;478;468;;;271;;;;927;;;;;;31;4127;0;4127
ene-11;288;0;288;509;49449;ene-11;;0;8;1;5;13;19;8;8;22;59;46;18;26;34;21;288;0;288;ene-11;;37;63;0;46;1;0;0;73;0;1;0;7;46;0;0;1;2;1;2;3;0;5;0;0;0;288;0;288;ene-11;;0;10;2;54;8;3;0;1;8;0;0;0;180;14;0;2;2;0;0;4;0;0;0;0;0;0;0;0;0;0;0;0;288;0;288;ene-11;;18;1;93;0;;16;28;36;;;33;;;;61;;;;;;1;288;0;288
feb-11;5240;0;5240;745;53944;feb-11;;0;319;75;159;201;430;281;131;395;1069;699;245;332;532;372;5240;0;5240;feb-11;;1525;770;3;1073;11;26;9;573;4;5;12;30;959;12;47;12;16;3;14;83;7;40;2;1;3;5240;0;5240;feb-11;;69;950;284;490;171;103;3;60;820;4;0;0;1373;404;8;380;59;1;2;5;16;0;0;0;0;0;0;0;0;0;0;38;5240;0;5240;feb-11;;172;29;1516;22;;515;614;595;;;375;;;;1352;;;;;;35;5240;0;5240
mar-11;5108;0;5108;646;58406;mar-11;;0;174;73;171;237;388;267;121;396;1065;724;315;302;487;388;5108;0;5108;mar-11;;1478;889;2;901;16;64;9;458;2;15;14;32;944;39;48;13;23;2;32;78;3;41;3;1;1;5108;0;5108;mar-11;;59;1125;403;477;147;135;1;43;846;6;0;0;1022;370;10;345;51;7;4;10;17;0;0;0;0;0;0;0;0;0;0;30;5108;0;5108;mar-11;;130;25;1518;31;;600;597;580;;;380;;;;1202;;;;;;35;5108;0;5108
abr-11;5208;0;5208;1120;62494;abr-11;;0;149;67;162;233;412;247;150;478;1170;689;226;337;459;429;5208;0;5208;abr-11;;1675;669;3;931;10;26;8;462;1;8;19;48;1064;14;60;12;30;3;30;69;3;60;2;1;0;5208;0;5208;abr-11;;69;995;349;497;175;97;3;47;810;4;0;0;1302;392;15;333;51;3;1;14;20;0;0;0;0;0;0;0;0;0;0;31;5208;0;5208;abr-11;;153;27;1620;21;;543;657;623;;;418;;;;1081;;;;;;51;5208;0;5208
may-11;5562;0;5562;1005;67051;may-11;;0;146;84;197;216;483;276;135;504;1154;770;284;362;570;381;5562;0;5562;may-11;;1711;796;6;943;11;43;13;604;1;5;16;55;1104;27;32;18;17;1;39;63;6;48;1;1;1;5562;0;5562;may-11;;61;1099;341;565;153;162;4;38;867;7;0;0;1209;417;9;446;71;3;3;33;31;0;0;0;0;0;0;0;0;1;0;42;5562;0;5562;may-11;;165;24;1661;24;;611;690;589;;;416;;;;1309;;;;;;52;5562;0;5562
jun-11;5478;0;5478;1198;71331;jun-11;;0;111;68;187;222;474;296;142;478;1236;705;326;342;539;352;5478;0;5478;jun-11;;1501;1078;0;709;10;58;13;398;2;6;28;54;1382;3;39;9;24;2;53;52;4;49;2;2;0;5478;0;5478;jun-11;;50;1184;445;606;127;172;1;53;893;7;0;0;974;386;14;404;74;4;1;5;39;0;0;0;0;0;0;0;0;0;0;39;5478;0;5478;jun-11;;177;18;1730;19;;659;693;591;;;361;;;;1149;;;;;;51;5478;0;5478
jul-11;3312;0;3312;1032;73611;jul-11;;0;33;39;97;167;272;156;91;314;749;457;162;214;296;265;3312;0;3312;jul-11;;1089;600;6;546;20;24;5;218;0;5;10;32;589;11;20;23;16;1;23;43;8;18;1;2;2;3312;0;3312;jul-11;;56;594;207;273;110;109;2;31;492;6;0;0;865;262;6;208;43;1;1;8;17;0;0;0;0;0;0;0;0;0;0;21;3312;0;3312;jul-11;;124;11;1038;16;;369;411;370;;;275;;;;654;;;;;;39;3312;0;3312
ago-11;6705;0;6705;1717;78599;ago-11;;0;95;100;215;298;598;374;158;587;1454;883;299;500;610;534;6705;0;6705;ago-11;;2100;1095;4;911;11;59;13;631;9;10;20;37;1514;14;53;18;22;3;44;52;8;71;0;0;6;6705;0;6705;ago-11;;89;1423;484;590;173;160;5;60;1092;6;0;0;1357;529;14;503;93;0;3;10;66;0;0;0;0;0;0;0;0;0;0;48;6705;0;6705;ago-11;;212;33;2078;32;;774;869;691;;;524;;;;1431;;;;;;45;6705;0;6705
sep-11;6080;0;6080;1711;82968;sep-11;;0;90;82;207;249;538;303;141;508;1373;789;308;407;635;450;6080;0;6080;sep-11;;1868;1039;0;841;19;62;8;576;4;4;33;49;1278;12;51;12;38;5;39;69;8;56;3;5;1;6080;0;6080;sep-11;;115;1473;372;499;157;193;4;34;876;6;0;0;1162;521;15;431;108;2;0;15;63;0;0;0;0;0;0;0;0;0;0;34;6080;0;6080;sep-11;;217;26;1765;40;;720;779;699;;;470;;;;1310;;;;;;39;6080;0;6080
oct-11;6157;0;6157;1587;87538;oct-11;;0;78;85;224;236;463;311;127;574;1404;899;304;411;560;481;6157;0;6157;oct-11;;1672;1278;3;797;14;44;11;573;4;9;19;57;1411;13;35;17;35;1;31;67;7;54;1;2;2;6157;0;6157;oct-11;;104;1371;410;562;186;166;3;50;865;3;0;0;1263;451;15;441;126;4;2;4;84;1;0;0;0;0;0;0;0;0;0;46;6157;0;6157;oct-11;;170;18;1966;49;;725;693;689;;;456;;;;1335;;;;;;42;6157;0;6157
nov-11;6104;0;6104;1732;91910;nov-11;;0;72;85;173;231;487;287;128;552;1381;846;319;363;625;555;6104;0;6104;nov-11;;1603;1259;0;889;15;51;21;649;2;9;15;61;1244;24;44;13;28;0;34;79;12;46;5;1;0;6104;0;6104;nov-11;;82;1503;359;554;156;151;4;49;836;9;0;0;1203;537;9;397;121;5;4;8;82;1;0;0;0;0;0;0;0;0;0;34;6104;0;6104;nov-11;;167;25;1849;42;;786;724;637;;;413;;;;1396;;;;;;49;6104;0;6104
dic-11;4600;0;4600;1928;94582;dic-11;;0;58;61;146;216;354;243;103;412;1015;612;241;326;477;336;4600;0;4600;dic-11;;1356;827;3;717;15;42;12;456;4;11;17;43;907;13;17;9;13;3;38;49;2;43;1;2;0;4600;0;4600;dic-11;;58;1036;283;404;158;126;5;30;621;6;0;0;958;395;9;345;86;2;2;14;61;0;0;0;0;0;0;0;0;0;0;1;4600;0;4600;dic-11;;123;15;1413;22;;513;589;559;;;323;;;;1004;;;;;;33;4600;0;4600
ene-12;121;0;121;1386;93317;ene-12;;0;0;4;3;6;11;8;6;13;22;15;7;9;9;8;121;0;121;ene-12;;12;9;0;36;1;2;1;20;0;2;2;7;22;4;0;1;0;0;0;0;0;2;0;0;0;121;0;121;ene-12;;4;9;2;48;2;1;0;1;11;1;0;0;13;20;0;3;6;0;0;0;0;0;0;0;0;0;0;0;0;0;0;0;121;0;121;ene-12;;4;0;40;0;;11;22;15;;;5;;;;23;;;;;;0;121;0;121
feb-12;5671;0;5671;817;98171;feb-12;;0;74;67;183;228;484;294;133;465;1265;753;430;395;525;375;5671;0;5671;feb-12;;2130;770;2;955;6;46;7;434;3;7;12;38;1032;16;31;6;16;3;21;82;4;47;2;1;0;5671;0;5671;feb-12;;78;1219;322;460;164;173;6;52;830;2;0;0;1225;465;11;442;113;1;0;12;92;1;0;0;0;0;0;0;0;0;0;3;5671;0;5671;feb-12;;148;20;1779;31;;573;737;609;;;480;;;;1245;;;;;;29;5671;0;5671
mar-12;7401;0;7401;1817;103755;mar-12;;0;96;111;246;304;585;421;203;615;1626;970;384;500;802;538;7401;0;7401;mar-12;;2596;1205;0;951;16;72;13;765;0;12;24;41;1402;13;43;11;42;5;28;88;10;60;2;2;0;7401;0;7401;mar-12;;122;1477;449;615;188;220;5;60;1037;9;0;0;1619;813;6;460;115;2;0;14;146;1;0;0;0;0;0;0;0;0;0;43;7401;0;7401;mar-12;;241;17;2309;37;;853;930;812;;;551;;;;1582;;;;;;38;7401;0;7401
abr-12;4765;0;4765;1745;106775;abr-12;;0;69;66;163;212;458;252;131;412;1081;587;299;277;456;302;4765;0;4765;abr-12;;1744;514;2;592;17;44;8;622;2;13;15;46;934;22;24;22;36;2;25;27;1;49;1;3;0;4765;0;4765;abr-12;;106;943;286;439;148;119;4;41;607;1;0;0;904;525;12;364;92;0;1;8;146;0;0;0;0;0;0;0;0;0;0;19;4765;0;4765;abr-12;;151;19;1397;28;;502;673;537;;;396;;;;1017;;;;;;29;4765;0;4765
may-12;6293;0;6293;2290;110778;may-12;;0;79;93;216;273;595;351;185;565;1349;807;321;398;636;425;6293;0;6293;may-12;;2215;891;4;833;17;65;14;627;0;3;21;31;1295;11;43;15;30;3;37;68;9;59;2;0;0;6293;0;6293;may-12;;82;1121;434;547;199;202;3;50;947;6;0;0;1180;669;21;489;132;2;5;10;192;0;0;0;0;0;0;0;0;0;0;2;6293;0;6293;may-12;;178;27;1934;29;;681;819;751;;;483;;;;1327;;;;;;38;6293;0;6293
jun-12;5560;0;5560;4578;111760;jun-12;;0;62;75;210;251;534;301;136;462;1240;865;302;300;422;400;5560;0;5560;jun-12;;2216;1020;1;746;38;52;10;158;2;10;22;47;961;18;29;14;33;2;38;68;7;66;0;1;1;5560;0;5560;jun-12;;119;902;345;421;147;228;9;60;892;6;0;0;1005;569;19;457;139;0;2;11;205;5;0;0;0;0;0;0;0;0;0;19;5560;0;5560;jun-12;;162;17;1773;45;;636;778;608;;;455;;;;1029;;;;;;33;5560;0;5560
jul-12;2770;0;2770;2054;112476;jul-12;;0;40;37;92;121;208;167;78;233;628;419;153;150;272;172;2770;0;2770;jul-12;;1133;477;2;406;8;21;5;98;0;8;7;26;447;5;13;5;23;2;14;35;1;33;0;0;1;2770;0;2770;jul-12;;72;394;255;179;86;97;1;22;415;1;0;0;477;302;9;240;74;0;0;4;118;0;0;0;0;0;0;0;0;0;0;24;2770;0;2770;jul-12;;74;16;884;20;;272;402;332;;;198;;;;546;;;;;;18;2770;0;2770
ago-12;6748;0;6748;2438;116786;ago-12;;0;108;89;224;307;565;374;183;606;1461;970;389;386;569;517;6748;0;6748;ago-12;;2583;1172;2;930;25;35;12;465;2;9;40;27;1127;15;37;12;39;9;44;90;10;57;1;5;0;6748;0;6748;ago-12;;125;1145;490;460;190;229;5;59;991;4;0;0;1231;720;15;602;163;0;2;14;256;1;0;0;0;0;0;0;0;0;0;46;6748;0;6748;ago-12;;200;19;2207;35;;695;844;800;;;517;;;;1362;;;;;;45;6748;0;6748
sep-12;5631;0;5631;2331;120086;sep-12;;0;78;92;218;262;496;391;126;459;1170;775;333;291;507;433;5631;0;5631;sep-12;;1977;894;3;698;37;45;11;602;0;5;18;28;1096;13;30;13;32;6;37;23;2;58;1;2;0;5631;0;5631;sep-12;;120;920;376;427;156;181;10;58;899;2;0;0;977;722;10;456;97;1;1;7;181;1;0;0;0;0;0;0;0;0;0;29;5631;0;5631;sep-12;;184;20;1723;34;;570;762;695;;;430;;;;1147;;;;;;52;5631;0;5631
oct-12;7414;0;7414;2451;125049;oct-12;;0;109;99;276;328;637;429;181;597;1594;1023;517;421;672;531;7414;0;7414;oct-12;;2882;1267;3;969;36;104;14;536;1;16;20;67;1237;14;32;15;68;5;43;9;8;60;5;3;0;7414;0;7414;oct-12;;93;1168;566;551;219;200;5;64;1151;9;0;0;1448;819;11;691;118;2;3;12;229;2;0;0;0;0;0;0;0;0;0;53;7414;0;7414;oct-12;;202;34;2280;48;;838;1043;847;;;581;;;;1469;;;;;;60;7414;0;7414
nov-12;6771;0;6771;2478;129342;nov-12;;0;116;100;221;291;550;408;170;588;1520;983;387;378;608;451;6771;0;6771;nov-12;;2569;1103;1;811;23;52;14;565;1;9;40;33;1286;14;29;10;39;3;52;20;9;87;0;0;1;6771;0;6771;nov-12;;93;1112;501;616;225;200;2;51;995;4;0;0;1454;362;17;705;152;0;2;4;238;2;0;0;0;0;0;0;0;0;0;36;6771;0;6771;nov-12;;221;21;2117;55;;713;803;805;;;525;;;;1435;;;;;;60;6771;0;6771
dic-12;5680;0;5680;2425;132597;dic-12;;0;78;76;158;279;452;336;142;437;1294;816;315;302;583;412;5680;0;5680;dic-12;;2066;1028;1;672;15;52;20;512;2;9;21;40;848;30;43;4;41;3;46;178;2;45;2;0;0;5680;0;5680;dic-12;;116;1109;411;446;151;178;6;41;831;7;0;0;1215;312;16;524;147;4;5;7;149;5;0;0;0;0;0;0;0;0;0;0;5680;0;5680;dic-12;;201;13;1719;32;;582;750;696;;;437;;;;1185;;;;;;41;5680;0;5680
ene-13;184;0;184;987;131794;ene-13;;0;2;1;4;6;10;10;4;15;49;13;6;44;10;10;184;0;184;ene-13;;49;11;0;23;0;1;2;25;0;0;2;4;54;5;0;1;3;0;2;1;0;1;0;0;0;184;0;184;ene-13;;0;7;3;6;9;1;0;1;6;0;0;0;6;116;1;4;9;0;0;0;15;0;0;0;0;0;0;0;0;0;0;0;184;0;184;ene-13;;4;1;82;2;;18;23;21;;;5;;;;27;;;;;;1;184;0;184
feb-13;5817;0;5817;1177;136434;feb-13;;0;94;90;198;234;483;329;170;481;1247;795;293;322;616;465;5817;0;5817;feb-13;;2286;894;1;693;24;47;4;455;2;9;30;52;962;29;10;9;37;4;35;178;1;50;4;0;1;5817;0;5817;feb-13;;104;1201;383;534;136;199;9;45;747;3;0;0;1307;370;19;458;120;0;0;6;143;9;0;0;0;0;0;0;0;0;0;24;5817;0;5817;feb-13;;189;23;1727;24;;631;787;675;;;459;;;;1208;;;;;;82;5817;0;5817
mar-13;7404;0;7404;1627;142211;mar-13;;0;106;99;282;309;616;414;190;613;1681;1112;359;423;751;449;7404;0;7404;mar-13;;2762;1217;1;917;36;61;10;615;1;12;20;48;1357;7;22;18;36;0;69;110;9;72;0;4;0;7404;0;7404;mar-13;;93;1849;499;483;168;206;6;52;1040;9;0;0;1493;444;19;604;187;1;1;20;226;4;0;0;0;0;0;0;0;0;0;0;7404;0;7404;mar-13;;212;24;2279;58;;970;935;848;;;574;;;;1452;;;;;;38;7404;0;7404
abr-13;7218;0;7218;1629;147800;abr-13;;0;111;80;247;296;584;353;157;583;1538;1127;326;539;827;450;7218;0;7218;abr-13;;2203;1283;3;809;33;58;16;808;1;10;37;38;1644;15;18;21;43;3;47;48;6;69;4;1;0;7218;0;7218;abr-13;;93;2024;457;704;131;202;6;39;765;3;0;0;1106;815;25;538;133;1;3;9;158;5;0;0;0;0;0;0;0;1;0;0;7218;0;7218;abr-13;;202;23;2228;32;;918;896;784;;;528;;;;1538;;;;;;54;7218;0;7218
may-13;7735;0;7735;2188;153347;may-13;;0;91;106;253;332;625;451;201;597;1692;1130;390;430;934;503;7735;0;7735;may-13;;2749;1344;3;903;23;60;21;810;5;21;31;52;1324;24;18;18;73;4;75;88;6;81;1;1;0;7735;0;7735;may-13;;113;2089;647;600;191;210;6;57;995;6;0;0;1093;591;28;683;170;0;2;18;235;1;0;0;0;0;0;0;0;0;0;0;7735;0;7735;may-13;;235;32;2299;44;;936;968;962;;;516;;;;1693;;;;;;34;7735;0;7735
jun-13;6785;0;6785;1940;158192;jun-13;;0;107;104;220;295;570;377;201;624;1477;881;334;319;818;458;6785;0;6785;jun-13;;2501;965;2;771;22;73;14;895;2;7;26;60;1147;11;21;8;36;0;53;90;4;67;5;4;1;6785;0;6785;jun-13;;85;1709;520;565;170;220;1;56;822;5;0;0;1157;485;17;624;116;2;1;11;217;2;0;0;0;0;0;0;0;0;0;0;6785;0;6785;jun-13;;218;28;1898;31;;747;949;774;;;511;;;;1579;;;;;;37;6785;0;6785
jul-13;5170;0;5170;2154;161208;jul-13;;0;78;68;172;233;407;316;126;404;1193;771;238;281;515;368;5170;0;5170;jul-13;;2008;785;2;562;19;37;18;446;1;15;9;34;963;32;35;16;25;3;40;65;6;44;3;2;0;5170;0;5170;jul-13;;105;1117;362;370;148;131;7;24;460;5;0;0;975;773;4;390;90;0;2;7;198;2;0;0;0;0;0;0;0;0;0;0;5170;0;5170;jul-13;;164;14;1616;22;;595;621;626;;;402;;;;1075;;;;;;25;5170;0;5170
ago-13;7970;0;7970;2374;166804;ago-13;;0;121;118;215;359;613;467;199;715;1804;1091;439;402;939;488;7970;0;7970;ago-13;;3166;1274;3;775;36;68;19;734;0;3;26;45;1458;10;22;9;61;1;45;137;4;68;4;2;0;7970;0;7970;ago-13;;125;1818;696;580;278;244;6;39;707;9;0;0;1557;762;19;695;135;1;1;20;271;7;0;0;0;0;0;0;0;0;0;0;7970;0;7970;ago-13;;242;26;2287;32;;850;1003;1110;;;628;;;;1748;;;;;;29;7970;0;7970
sep-13;8057;0;8057;2345;172516;sep-13;;0;124;99;259;330;637;493;211;701;1841;1069;450;390;878;575;8057;0;8057;sep-13;;3343;1303;4;711;38;83;12;720;4;17;22;45;1390;32;21;12;53;3;49;119;13;59;3;1;0;8057;0;8057;sep-13;;173;1718;606;527;284;249;9;50;931;11;0;0;1666;720;28;679;110;2;1;15;272;6;0;0;0;0;0;0;0;0;0;0;8057;0;8057;sep-13;;261;25;2444;26;;844;998;1021;;;613;;;;1772;;;;;;41;8057;0;8057
oct-13;8481;0;8481;2944;178053;oct-13;;0;124;123;287;412;713;482;218;735;2007;1155;466;379;873;507;8481;0;8481;oct-13;;3572;1402;3;971;21;74;21;774;3;8;35;64;1156;23;45;19;50;8;59;98;4;70;1;0;0;8481;0;8481;oct-13;;110;1693;767;571;242;285;11;39;1132;11;0;0;1825;590;26;757;155;3;5;17;226;16;0;0;0;0;0;0;0;0;0;0;8481;0;8481;oct-13;;295;41;2441;34;;939;1126;1080;;;702;;;;1778;;;;;;37;8481;0;8481
nov-13;7582;0;7582;3764;181871;nov-13;;0;122;112;247;331;629;443;220;675;1717;1054;389;371;799;473;7582;0;7582;nov-13;;3159;1265;3;893;38;90;17;605;1;13;28;49;1042;21;45;14;43;3;54;114;0;79;2;4;0;7582;0;7582;nov-13;;103;1400;825;454;247;237;8;43;1061;5;0;0;1388;806;25;620;119;1;1;12;211;16;0;0;0;0;0;0;0;0;0;0;7582;0;7582;nov-13;;225;34;2195;29;;830;1055;1019;;;624;;;;1527;;;;;;36;7582;0;7582
dic-13;6665;0;6665;3166;185370;dic-13;;0;95;97;214;310;558;416;173;565;1454;923;388;271;836;365;6665;0;6665;dic-13;;2770;1158;2;705;21;64;22;701;4;11;22;28;875;14;29;10;29;2;40;80;2;69;4;3;0;6665;0;6665;dic-13;;64;1143;596;401;191;216;7;36;853;9;0;0;1549;672;17;618;110;0;1;14;164;4;0;0;0;0;0;0;0;0;0;0;6665;0;6665;dic-13;;226;23;1871;33;;697;891;803;;;589;;;;1492;;;;;;30;6665;0;6665
ene-14;105;0;105;1122;184353;ene-14;;0;2;5;3;3;4;4;1;10;33;18;4;7;7;4;105;0;105;ene-14;;20;9;0;13;1;2;6;8;0;0;0;10;30;1;0;0;2;0;2;0;0;1;0;0;0;105;0;105;ene-14;;0;11;2;2;10;2;1;0;2;0;0;0;11;54;1;3;4;0;0;0;1;1;0;0;0;0;0;0;0;0;0;0;105;0;105;ene-14;;1;0;32;0;;13;19;17;;;6;;;;16;;;;;;0;105;0;105
feb-14;7760;0;7760;2452;189661;feb-14;;0;143;109;263;303;671;478;218;657;1705;1094;392;391;854;482;7760;0;7760;feb-14;;3595;1072;2;957;27;67;25;634;0;10;20;32;1064;7;19;11;29;3;39;75;2;67;1;2;0;7760;0;7760;feb-14;;98;1337;743;492;267;237;14;35;1037;3;0;0;1728;582;14;771;133;2;9;20;221;17;0;0;0;0;0;0;0;0;0;0;7760;0;7760;feb-14;;256;30;2352;54;;715;1033;1027;;;622;;;;1609;;;;;;49;7760;0;7760
mar-14;7651;2;7653;2808;194506;mar-14;;0;124;109;261;335;666;436;213;626;1696;1069;472;361;838;445;7651;2;7653;mar-14;;3163;1182;3;849;32;95;19;617;4;7;24;28;1292;31;43;5;23;3;48;89;3;86;2;3;0;7651;2;7653;mar-14;;74;1438;831;530;265;225;5;34;1005;6;0;0;1507;699;15;688;88;4;1;18;214;4;0;0;0;0;0;0;0;0;0;0;7651;2;7653;mar-14;;241;28;2310;50;;768;995;1014;;;594;;;;1610;;;;;;36;7651;2;7653
abr-14;7296;0;7296;3294;198508;abr-14;;0;118;114;254;346;607;453;199;656;1641;1024;398;294;809;383;7296;0;7296;abr-14;;3067;1186;4;830;32;75;19;516;2;13;26;31;1176;22;26;10;36;3;42;80;2;93;2;3;0;7296;0;7296;abr-14;;84;1257;737;448;255;231;9;41;1033;13;0;0;1446;757;23;634;94;2;4;19;190;19;0;0;0;0;0;0;0;0;0;0;7296;0;7296;abr-14;;225;30;2212;29;;739;959;959;;;592;;;;1521;;;;;;23;7296;0;7296
may-14;7661;0;7661;3873;202296;may-14;;0;125;129;257;360;651;427;185;729;1717;1102;425;370;816;368;7661;0;7661;may-14;;3344;1132;0;1028;28;91;33;383;2;8;40;36;1188;11;25;14;43;6;49;101;4;91;2;2;0;7661;0;7661;may-14;;102;1156;971;487;271;290;21;23;994;9;0;0;1473;761;21;711;103;1;6;25;215;20;1;0;0;0;0;0;0;0;0;0;7661;0;7661;may-14;;220;33;2282;45;;743;1080;978;;;646;;;;1607;;;;;;24;7661;0;7661
jun-14;7155;1;7156;4269;205183;jun-14;;0;121;111;243;323;615;395;193;708;1587;942;428;352;730;407;7155;1;7156;jun-14;;2683;1427;3;788;26;78;12;468;1;10;31;49;1210;28;25;14;31;2;55;105;4;98;2;5;0;7155;1;7156;jun-14;;87;1177;790;509;206;244;11;27;1009;8;0;0;1366;706;21;709;96;5;1;17;143;21;1;0;0;0;0;0;0;1;0;0;7155;1;7156;jun-14;;237;15;2110;49;;802;949;945;;;544;;;;1469;;;;;;26;7155;1;7156
jul-14;5009;0;5009;3390;206802;jul-14;;0;81;75;176;216;428;269;135;427;1147;738;277;283;486;271;5009;0;5009;jul-14;;2122;915;2;613;20;51;12;292;1;8;13;32;705;13;31;5;17;0;33;61;6;54;2;1;0;5009;0;5009;jul-14;;56;792;636;313;190;150;14;19;724;7;0;0;944;476;11;436;55;4;1;14;144;23;0;0;0;0;0;0;0;0;0;0;5009;0;5009;jul-14;;185;22;1446;26;;535;686;646;;;373;;;;1065;;;;;;24;5009;0;5009
ago-14;7385;0;7385;4306;209881;ago-14;;0;108;116;263;344;644;459;177;660;1662;985;407;373;681;506;7385;0;7385;ago-14;;2730;1085;3;985;43;68;26;700;2;4;25;30;1336;26;54;9;23;6;38;89;6;80;3;14;0;7385;0;7385;ago-14;;71;1166;912;548;215;309;20;35;872;6;0;0;1532;644;21;731;48;5;3;15;211;21;0;0;0;0;0;0;0;0;0;0;7385;0;7385;ago-14;;270;29;2217;34;;713;977;975;;;553;;;;1567;;;;;;49;7385;0;7385
sep-14;9420;0;9420;3618;215683;sep-14;;0;124;138;326;457;771;536;223;804;2128;1310;546;534;942;581;9420;0;9420;sep-14;;3530;1718;7;1077;36;89;27;889;3;12;37;62;1537;44;33;17;45;2;59;104;6;78;0;8;0;9420;0;9420;sep-14;;100;1468;1204;602;332;313;36;45;1215;11;0;0;1854;871;25;955;87;2;0;15;244;40;1;0;0;0;0;0;0;0;0;0;9420;0;9420;sep-14;;291;31;2908;46;;965;1189;1238;;;747;;;;1961;;;;;;41;9420;0;9420
oct-14;9953;0;9953;5510;220126;oct-14;;0;139;158;329;447;824;585;276;855;2254;1372;532;530;1012;640;9953;0;9953;oct-14;;4316;1581;7;1172;38;92;26;869;2;9;32;62;1442;11;38;6;35;6;64;59;5;74;1;6;0;9953;0;9953;oct-14;;107;1685;1351;563;443;382;31;42;1281;13;0;0;1924;761;21;962;64;1;2;13;263;43;1;0;0;0;0;0;0;0;0;0;9953;0;9953;oct-14;;269;37;2851;60;;985;1339;1415;;;789;;;;2163;;;;;;41;9953;0;9953
nov-14;8425;0;8425;4766;223785;nov-14;;0;132;126;300;364;770;480;230;779;1932;1123;462;411;850;466;8425;0;8425;nov-14;;3835;1121;2;1006;35;100;19;721;1;6;28;49;1161;31;34;12;31;1;49;86;3;87;0;7;0;8425;0;8425;nov-14;;106;1297;1076;519;350;278;31;45;1167;10;0;0;1498;866;24;845;56;4;5;15;195;37;1;0;0;0;0;0;0;0;0;0;8425;0;8425;nov-14;;250;22;2515;35;;795;1215;1087;;;662;;;;1803;;;;;;40;8425;0;8425
dic-14;7945;1;7946;3369;228362;dic-14;;0;121;118;270;351;723;466;212;629;1874;1086;446;403;788;458;7945;1;7946;dic-14;;3860;1088;0;947;22;54;41;586;0;7;24;33;929;64;20;12;23;1;68;82;5;73;2;4;0;7945;1;7946;dic-14;;88;1154;1164;441;308;299;35;26;984;10;0;0;1552;787;20;746;68;1;2;14;192;51;3;0;0;0;0;0;0;0;0;0;7945;1;7946;dic-14;;236;25;2329;31;;795;1065;1060;;;675;;;;1702;;;;;;24;7945;1;7946
ene-15;112;0;112;1876;226598;ene-15;;0;1;3;7;5;5;6;1;12;24;18;4;5;15;6;112;0;112;ene-15;;25;19;0;9;0;1;7;15;0;0;0;4;26;2;0;0;1;1;1;0;0;1;0;0;0;112;0;112;ene-15;;1;8;12;4;11;3;0;0;7;0;0;0;18;34;0;3;5;0;2;0;0;4;0;0;0;0;0;0;0;0;0;0;112;0;112;ene-15;;7;1;39;0;;14;13;12;;;6;;;;20;;;;;;0;112;0;112
feb-15;9083;2;9085;2041;233642;feb-15;;0;138;129;351;397;751;526;216;766;2175;1199;479;459;968;529;9083;2;9085;feb-15;;4109;1151;1;1137;25;58;8;793;2;5;31;56;1379;25;14;6;26;3;51;121;3;75;1;3;0;9083;2;9085;feb-15;;78;1446;1223;589;285;306;33;38;1213;12;0;0;1723;874;16;942;53;0;2;21;180;46;2;0;0;0;0;0;0;0;1;0;9083;2;9085;feb-15;;247;30;2544;46;;919;1366;1162;;;683;;;;2034;;;;;;49;9083;2;9085
mar-15;10306;1;10307;2775;241174;mar-15;;0;126;136;379;444;876;574;305;904;2408;1392;609;585;1012;556;10306;1;10307;mar-15;;4264;1741;3;1292;32;106;31;656;1;10;36;62;1662;49;23;10;41;4;69;80;7;116;4;7;0;10306;1;10307;mar-15;;116;1566;1384;674;508;412;53;50;1251;16;0;0;1943;949;34;937;64;0;7;19;261;58;3;0;0;0;0;0;0;1;0;0;10306;1;10307;mar-15;;304;48;2988;46;;1102;1373;1367;;;777;;;;2252;;;;;;48;10306;1;10307
abr-15;10031;5;10036;2538;248672;abr-15;;0;152;138;315;458;873;562;265;907;2366;1370;501;480;1097;547;10031;5;10036;abr-15;;4044;1633;4;1196;41;93;40;969;0;11;33;49;1484;52;31;25;22;0;69;88;4;119;3;21;0;10031;5;10036;abr-15;;88;1557;1379;657;428;457;44;34;1170;7;0;0;1764;1074;25;931;82;2;8;22;241;57;4;0;0;0;0;0;0;0;0;0;10031;5;10036;abr-15;;332;37;2907;52;;1040;1359;1335;;;726;;;;2193;;;;;;43;10031;5;10036
may-15;9799;15;9814;4205;254281;may-15;;0;166;126;286;406;862;522;241;879;2354;1357;574;428;1045;553;9799;15;9814;may-15;;4512;1587;1;1071;31;83;16;693;1;14;29;49;1275;42;22;10;26;3;80;125;0;116;0;13;0;9799;15;9814;may-15;;84;1348;1418;642;387;391;50;54;1300;9;0;0;1635;1119;25;968;66;2;5;24;210;56;5;0;0;0;0;0;0;1;0;0;9799;15;9814;may-15;;290;43;2834;42;;1043;1388;1330;;;716;;;;2074;;;;;;39;9799;15;9814
jun-15;10605;22;10627;6167;258741;jun-15;;0;152;141;340;483;889;609;286;913;2384;1517;591;531;1171;598;10605;22;10627;jun-15;;4522;1721;6;1243;38;87;25;883;3;10;27;65;1496;37;27;16;36;1;84;152;8;107;1;10;0;10605;22;10627;jun-15;;116;1541;1512;613;479;472;45;34;1283;14;0;0;1950;1088;22;1084;69;0;4;19;202;51;7;0;0;0;0;0;0;0;0;0;10605;22;10627;jun-15;;307;47;3010;46;;1084;1524;1502;;;810;;;;2238;;;;;;36;10605;22;10627
jul-15;6691;21;6712;5260;260193;jul-15;;0;124;88;236;311;608;364;198;574;1516;917;412;326;670;347;6691;21;6712;jul-15;;3098;984;0;778;30;44;16;480;0;10;14;35;881;48;27;22;22;2;38;80;2;70;0;10;0;6691;21;6712;jul-15;;74;906;979;446;265;294;32;27;862;3;0;0;1077;845;10;606;45;2;6;15;143;45;9;0;0;0;0;0;0;0;0;0;6691;21;6712;jul-15;;198;22;1916;32;;721;1017;843;;;506;;;;1409;;;;;;26;6691;21;6712
ago-15;10331;35;10366;6287;264272;ago-15;;0;198;161;339;467;901;575;289;887;2373;1376;562;485;1090;628;10331;35;10366;ago-15;;4654;1489;3;1133;45;135;16;821;3;26;33;45;1458;19;30;33;50;7;64;140;2;115;1;9;0;10331;35;10366;ago-15;;107;1644;1550;688;476;539;41;42;798;14;0;0;1923;1002;34;1132;60;7;3;12;185;50;24;0;0;0;0;0;0;0;0;0;10331;35;10366;ago-15;;370;45;2778;54;;1057;1453;1414;;;835;;;;2295;;;;;;26;10331;35;10366
sep-15;10104;44;10148;5621;268799;sep-15;;0;164;171;376;440;879;572;289;928;2374;1396;546;482;906;581;10104;44;10148;sep-15;;4152;1766;0;1118;44;125;28;653;2;14;48;70;1553;44;34;22;49;2;78;130;9;143;2;18;0;10104;44;10148;sep-15;;129;1584;1289;777;455;495;43;44;986;11;0;0;1669;1095;31;1121;66;5;7;19;207;47;24;0;0;0;0;0;0;0;0;0;10104;44;10148;sep-15;;330;44;2854;45;;1036;1452;1336;;;776;;;;2197;;;;;;30;10104;44;10148
oct-15;10274;72;10346;5192;273953;oct-15;;0;157;140;331;458;920;562;260;851;2418;1428;537;492;1140;580;10274;72;10346;oct-15;;4414;1751;4;1010;42;109;27;930;2;21;32;66;1503;10;21;21;37;2;79;65;4;111;1;12;0;10274;72;10346;oct-15;;105;1437;1490;640;377;547;32;33;1082;21;0;0;1850;1131;32;1093;53;2;7;20;213;80;29;0;0;0;0;0;0;0;0;0;10274;72;10346;oct-15;;300;45;2939;53;;1066;1497;1316;;;790;;;;2237;;;;;;29;10274;72;10346
nov-15;9310;63;9373;5708;277618;nov-15;;0;157;121;314;399;791;538;235;835;2202;1239;514;425;1008;532;9310;63;9373;nov-15;;4092;1478;1;979;51;97;21;701;3;12;43;57;1386;28;27;19;34;9;46;112;5;104;2;3;0;9310;63;9373;nov-15;;105;1319;1508;633;375;481;32;41;1025;6;0;0;1532;936;40;953;36;4;4;27;168;56;28;0;0;0;0;0;1;0;0;0;9310;63;9373;nov-15;;302;36;2586;51;;948;1397;1218;;;684;;;;2056;;;;;;32;9310;63;9373
dic-15;8585;62;8647;4804;281461;dic-15;;0;148;114;307;395;709;432;214;726;1997;1155;558;393;1038;399;8585;62;8647;dic-15;;4130;1368;1;899;38;90;19;691;2;7;28;44;933;45;35;4;43;13;50;51;4;87;0;3;0;8585;62;8647;dic-15;;99;1160;1427;595;345;426;28;38;774;14;0;0;1588;938;33;840;32;8;6;30;123;41;39;0;0;0;0;0;0;1;0;0;8585;62;8647;dic-15;;268;35;2416;45;;852;1239;1138;;;668;;;;1908;;;;;;15;8585;62;8647
ene-16;49;0;49;3991;277519;ene-16;;0;2;0;1;1;5;0;0;8;17;7;1;2;2;3;49;0;49;ene-16;;6;10;0;2;0;0;2;4;0;0;1;2;21;0;0;0;0;0;0;0;0;0;0;0;1;49;0;49;ene-16;;2;8;5;5;5;1;1;0;5;0;0;0;0;6;1;2;8;0;0;0;0;0;0;0;0;0;0;0;0;0;0;0;49;0;49;ene-16;;0;0;21;0;;7;2;8;;;1;;;;9;;;;;;1;49;0;49
feb-16;10404;70;10474;3306;284687;feb-16;;0;160;151;317;474;831;552;288;905;2319;1428;577;554;1303;545;10404;70;10474;feb-16;;4881;1687;1;1109;52;104;18;738;1;12;34;48;1285;38;22;14;37;4;94;114;3;104;1;3;0;10404;70;10474;feb-16;;149;1400;1696;588;406;545;51;38;1050;13;0;0;1889;1070;42;1111;48;1;2;16;155;74;54;0;0;0;0;0;0;0;6;0;10404;70;10474;feb-16;;321;41;2991;56;;1044;1445;1391;;;768;;;;2314;;;;;;33;10404;70;10474
mar-16;11432;103;11535;5669;290553;mar-16;;0;170;158;396;544;1030;619;335;982;2611;1470;652;581;1305;579;11432;103;11535;mar-16;;4795;1960;4;1221;66;142;31;796;1;9;33;66;1762;63;25;32;46;2;64;152;4;145;3;10;0;11432;103;11535;mar-16;;113;1731;1769;724;432;705;66;33;1120;13;0;0;2011;1107;45;1137;51;7;4;35;190;63;74;0;0;0;0;0;1;0;1;0;11432;103;11535;mar-16;;351;51;3288;60;;1173;1634;1491;;;835;;;;2501;;;;;;44;11432;103;11535
abr-16;10981;117;11098;4459;297192;abr-16;;0;163;125;373;512;984;622;287;1048;2463;1506;600;544;1187;567;10981;117;11098;abr-16;;4799;1732;4;1186;64;122;31;829;0;14;29;57;1575;43;35;19;56;5;65;149;3;153;2;9;0;10981;117;11098;abr-16;;100;1553;1710;663;465;541;64;27;1464;17;0;0;1894;1044;33;992;55;4;8;27;165;77;73;0;0;0;0;0;1;0;4;0;10981;117;11098;abr-16;;352;53;3052;56;;1167;1596;1534;;;765;;;;2369;;;;;;37;10981;117;11098
may-16;10181;125;10306;4544;302954;may-16;;0;165;153;356;472;878;555;259;878;2324;1445;482;482;1187;545;10181;125;10306;may-16;;4919;1149;4;944;42;123;27;845;0;21;28;44;1511;54;28;23;57;7;122;84;6;129;1;12;1;10181;125;10306;may-16;;92;1421;1608;688;391;528;41;37;1308;13;0;0;1681;982;39;926;57;5;8;21;187;63;83;0;0;0;0;0;0;0;2;0;10181;125;10306;may-16;;323;67;2853;38;;1052;1433;1340;;;730;;;;2314;;;;;;30;10181;125;10306
jun-16;10375;113;10488;8999;304443;jun-16;;0;195;135;374;501;898;645;265;909;2323;1353;611;435;1203;528;10375;113;10488;jun-16;;4781;1620;6;1027;28;96;25;810;5;20;40;77;1343;82;19;21;47;1;62;117;5;122;2;17;2;10375;113;10488;jun-16;;94;1347;1646;599;420;641;49;37;1411;11;0;0;1619;1011;52;1004;32;3;8;21;185;66;113;0;0;0;0;0;0;1;5;0;10375;113;10488;jun-16;;336;44;2871;70;;1096;1537;1341;;;759;;;;2292;;;;;;29;10375;113;10488
jul-16;6228;85;6313;4586;306170;jul-16;;0;88;85;210;342;567;399;155;521;1374;753;404;285;697;348;6228;85;6313;jul-16;;2954;1058;1;670;13;46;33;400;0;16;15;24;775;12;11;10;21;1;43;45;3;57;0;20;0;6228;85;6313;jul-16;;62;771;996;400;215;397;20;19;831;6;0;0;1166;568;21;480;8;0;22;21;106;34;82;0;0;0;0;0;0;0;3;0;6228;85;6313;jul-16;;190;27;1776;43;;686;910;773;;;449;;;;1348;;;;;;25;6228;85;6313
ago-16;13570;183;13753;6776;313147;ago-16;;0;228;200;504;658;1185;845;394;1176;2962;1726;783;562;1637;710;13570;183;13753;ago-16;;6493;2130;7;1403;41;117;20;1037;3;7;62;65;1638;29;33;26;79;2;76;135;8;144;0;15;0;13570;183;13753;ago-16;;142;1950;2136;726;202;905;62;53;1769;10;0;0;2282;1397;70;1268;42;3;3;30;209;96;207;0;0;0;0;0;0;0;8;0;13570;183;13753;ago-16;;386;68;3730;93;;1458;1964;1666;;;1045;;;;3115;;;;;;43;13570;183;13753
sep-16;13766;188;13954;6646;320455;sep-16;;0;234;226;460;733;1259;832;369;1244;2945;1734;755;593;1680;702;13766;188;13954;sep-16;;7022;2106;2;1119;53;118;34;986;8;12;76;86;1620;71;59;40;49;1;63;94;5;127;1;14;0;13766;188;13954;sep-16;;164;1790;2353;770;0;838;84;42;2069;24;0;0;2315;1335;56;1298;35;3;5;40;214;93;236;0;0;0;0;0;0;0;2;0;13766;188;13954;sep-16;;395;55;3838;70;;1516;2038;1702;;;1039;;;;3059;;;;;;53;13766;188;13954
oct-16;11687;168;11855;6187;326123;oct-16;;0;182;200;430;592;1040;722;342;1081;2492;1425;659;540;1365;617;11687;168;11855;oct-16;;5778;2015;6;996;47;143;18;841;2;17;40;61;1272;28;34;21;40;3;69;98;4;138;4;12;0;11687;168;11855;oct-16;;159;1611;1902;700;0;811;61;49;1671;28;0;0;1908;1151;61;1094;48;1;2;20;156;31;220;0;0;0;0;0;0;1;2;0;11687;168;11855;oct-16;;360;52;3339;68;;1185;1819;1357;;;877;;;;2588;;;;;;42;11687;168;11855
nov-16;11655;150;11805;7911;330017;nov-16;;0;154;160;448;590;1060;725;353;1029;2531;1483;622;517;1427;556;11655;150;11805;nov-16;;5747;1915;6;1071;51;94;35;746;1;11;37;64;1468;49;43;22;40;2;64;70;7;91;0;20;1;11655;150;11805;nov-16;;102;1426;1990;807;0;830;54;33;1764;20;0;0;1920;1175;50;964;34;4;8;36;185;24;227;0;0;0;0;0;0;0;2;0;11655;150;11805;nov-16;;362;53;3429;66;;1151;1739;1369;;;859;;;;2595;;;;;;31;11655;150;11805
dic-16;11758;144;11902;6935;334984;dic-16;;0;192;186;368;617;1145;677;341;1057;2492;1459;632;455;1529;608;11758;144;11902;dic-16;;6581;1649;9;1065;38;83;33;686;3;8;25;45;1180;24;20;12;29;7;64;88;6;96;1;6;0;11758;144;11902;dic-16;;142;1348;2154;724;0;803;49;38;1735;17;0;0;1970;1118;38;1032;35;5;10;32;176;48;277;0;0;0;0;0;0;1;6;0;11758;144;11902;dic-16;;336;43;3265;72;;1179;1757;1473;;;885;;;;2697;;;;;;51;11758;144;11902
ene-17;61;2;63;883;334164;ene-17;;0;1;1;0;3;2;3;2;4;15;6;3;10;3;8;61;2;63;ene-17;;4;8;0;0;1;0;2;17;0;0;0;5;15;2;0;0;4;0;1;0;0;2;0;0;0;61;2;63;ene-17;;1;5;9;8;0;3;1;0;3;0;0;0;2;0;1;2;1;0;0;3;18;0;4;0;0;0;0;0;0;0;0;0;61;2;63;ene-17;;2;0;18;0;;3;12;3;;;3;;;;20;;;;;;0;61;2;63
feb-17;12832;195;13027;4928;342263;feb-17;;0;200;183;524;641;1197;762;365;1124;2727;1583;757;542;1611;616;12832;195;13027;feb-17;;6566;1694;1;1458;48;93;27;769;3;8;18;44;1606;28;13;26;42;2;65;223;2;86;0;10;0;12832;195;13027;feb-17;;149;1776;2142;815;0;960;69;38;1688;17;0;0;2064;1268;45;1179;28;2;14;28;145;67;330;0;0;0;0;0;0;0;8;0;12832;195;13027;feb-17;;367;75;3726;65;;1231;1914;1583;;;961;;;;2871;;;;;;38;12832;195;13027
mar-17;15304;256;15560;7668;350155;mar-17;;0;278;200;611;760;1358;828;429;1388;3277;2024;814;697;1882;758;15304;256;15560;mar-17;;6906;2770;3;1656;72;121;29;975;2;20;60;82;2074;23;28;27;65;4;78;129;7;151;1;21;0;15304;256;15560;mar-17;;181;2142;2656;1003;0;1114;82;39;2013;32;0;0;2414;1406;49;1285;51;3;6;25;258;87;452;0;0;0;0;0;0;1;5;0;15304;256;15560;mar-17;;470;76;4429;82;;1466;2238;1885;;;1155;;;;3440;;;;;;62;15304;256;15560
abr-17;11933;211;12144;6398;355901;abr-17;;0;193;173;479;569;987;703;324;1087;2506;1625;620;532;1550;585;11933;211;12144;abr-17;;6123;2248;3;918;58;95;18;674;4;16;26;54;1251;25;18;28;42;8;68;82;5;125;2;42;0;11933;211;12144;abr-17;;117;1640;2093;699;0;825;92;37;1613;30;0;0;2056;1010;54;977;27;2;2;47;165;98;348;0;0;0;0;0;0;0;1;0;11933;211;12144;abr-17;;338;63;3320;60;;1132;1733;1539;;;951;;;;2726;;;;;;70;11933;211;12144
may-17;11687;196;11883;8057;359727;may-17;;0;176;174;481;562;1025;635;339;1033;2426;1569;637;513;1480;637;11687;196;11883;may-17;;5018;2277;4;1124;69;102;43;876;5;17;41;73;1542;37;26;14;51;3;74;104;5;152;1;29;0;11687;196;11883;may-17;;146;1659;2103;782;0;970;81;24;1482;18;0;0;1736;969;52;978;40;1;8;39;169;82;342;0;0;0;0;0;1;0;5;0;11687;196;11883;may-17;;361;73;3276;67;;1103;1758;1467;;;849;;;;2672;;;;;;61;11687;196;11883
jun-17;10861;207;11068;13959;356836;jun-17;;0;173;163;444;517;995;585;291;951;2229;1521;551;535;1339;567;10861;207;11068;jun-17;;4702;2226;2;1179;71;106;29;746;2;18;45;78;1129;32;26;21;54;5;83;136;4;149;1;17;0;10861;207;11068;jun-17;;125;1645;1836;738;0;807;93;40;1411;12;0;0;1671;912;57;869;60;0;3;26;191;75;283;0;0;0;0;0;0;0;7;0;10861;207;11068;jun-17;;364;63;3070;61;;1026;1577;1327;;;810;;;;2511;;;;;;52;10861;207;11068
jul-17;6146;88;6234;4632;358438;jul-17;;0;89;88;255;286;533;341;187;532;1275;847;341;271;806;295;6146;88;6234;jul-17;;2446;1479;0;694;23;38;18;386;0;9;15;52;767;15;16;8;23;6;36;44;2;58;0;11;0;6146;88;6234;jul-17;;54;836;1245;469;0;469;40;14;736;10;0;0;868;469;16;514;18;0;0;18;81;57;230;0;0;0;0;0;0;0;2;0;6146;88;6234;jul-17;;161;36;1750;34;;577;927;791;;;422;;;;1427;;;;;;21;6146;88;6234
ago-17;12133;192;12325;7605;363158;ago-17;;0;220;183;478;604;1073;719;341;1044;2526;1623;634;552;1497;639;12133;192;12325;ago-17;;4336;3288;1;1223;62;132;39;929;4;18;55;50;1384;62;13;19;49;6;105;140;7;152;2;57;0;12133;192;12325;ago-17;;125;1875;2112;858;0;1171;82;30;1435;13;0;0;1678;1006;59;895;53;1;9;25;198;83;418;0;0;0;0;0;0;0;7;0;12133;192;12325;ago-17;;395;64;3412;82;;1193;1905;1456;;;823;;;;2741;;;;;;62;12133;192;12325
sep-17;11190;207;11397;8079;366476;sep-17;;0;180;183;444;538;956;651;311;1022;2234;1585;570;491;1414;611;11190;207;11397;sep-17;;3586;3272;3;1143;62;106;54;1015;2;9;34;92;1308;32;29;21;45;6;93;106;3;126;1;42;0;11190;207;11397;sep-17;;125;1733;2057;797;0;902;58;32;1269;19;0;0;1624;855;53;959;49;1;13;31;140;89;381;0;0;0;0;0;0;0;3;0;11190;207;11397;sep-17;;323;61;3188;69;;1037;1615;1408;;;791;;;;2639;;;;;;59;11190;207;11397
oct-17;11371;186;11557;8283;369750;oct-17;;0;169;175;405;558;977;659;329;974;2524;1522;573;549;1343;614;11371;186;11557;oct-17;;3727;3711;3;824;47;90;28;931;0;24;31;101;1323;23;28;17;55;1;88;143;6;137;2;31;0;11371;186;11557;oct-17;;135;1754;2075;811;0;999;68;31;1310;15;0;0;1577;967;52;860;39;1;2;29;160;96;381;0;0;0;0;0;0;4;5;0;11371;186;11557;oct-17;;368;65;3145;63;;1163;1610;1422;;;806;;;;2670;;;;;;59;11371;186;11557
nov-17;9401;151;9552;8568;370734;nov-17;;0;144;129;338;455;795;564;259;892;2018;1259;513;425;1099;511;9401;151;9552;nov-17;;2943;3336;1;365;82;86;23;803;1;14;35;95;1157;14;25;15;44;2;87;114;5;130;0;24;0;9401;151;9552;nov-17;;95;1402;1789;690;0;802;78;28;1051;19;0;0;1254;770;47;721;31;1;6;24;128;51;413;0;0;0;0;0;0;0;1;0;9401;151;9552;nov-17;;310;47;2684;62;;959;1378;1156;;;643;;;;2095;;;;;;65;9401;151;9552
dic-17;9241;164;9405;9093;371046;dic-17;;0;117;141;300;420;860;560;259;807;1865;1282;486;463;1228;453;9241;164;9405;dic-17;;2715;3735;1;257;67;108;30;742;2;9;29;64;1015;94;16;15;50;3;71;79;3;125;0;10;1;9241;164;9405;dic-17;;109;1218;2010;563;0;849;61;25;1121;7;0;0;1255;723;50;617;35;0;7;25;136;48;381;0;0;0;0;0;0;1;0;0;9241;164;9405;dic-17;;283;49;2642;37;;913;1311;1101;;;631;;;;2226;;;;;;47;9241;164;9405
ene-18;62;0;62;640;370468;ene-18;;0;2;3;3;2;4;4;2;6;7;14;4;1;3;7;62;0;62;ene-18;;3;14;0;0;0;0;9;0;0;1;0;7;19;1;0;0;3;0;2;0;0;3;0;0;0;62;0;62;ene-18;;2;13;14;2;0;5;1;0;4;0;0;0;6;3;0;4;1;0;5;0;0;0;2;0;0;0;0;0;0;0;0;0;62;0;62;ene-18;;11;0;17;1;;7;5;3;;;1;;;;16;;;;;;1;62;0;62
feb-18;9050;158;9208;5701;373975;feb-18;;0;143;119;328;428;761;510;248;774;1902;1192;497;430;1152;566;9050;158;9208;feb-18;;2632;3635;1;275;46;78;41;518;1;8;31;69;1275;24;23;18;57;3;39;139;6;122;0;9;0;9050;158;9208;feb-18;;115;1357;1965;542;0;719;36;34;1027;8;0;0;1085;691;51;715;28;8;11;20;194;57;382;0;0;0;0;0;0;1;4;0;9050;158;9208;feb-18;;251;45;2535;49;;891;1286;1167;;;601;;;;2072;;;;;;152;9050;158;9208
mar-18;9744;162;9906;7057;376824;mar-18;;0;156;125;348;445;871;588;239;922;2085;1367;544;401;1112;541;9744;162;9906;mar-18;;2415;4173;3;222;73;111;59;484;0;15;24;99;1494;54;26;27;19;4;103;160;6;165;0;8;0;9744;162;9906;mar-18;;119;1472;1809;729;0;878;57;22;1114;13;0;0;1327;861;56;750;37;2;5;28;0;63;398;0;0;0;0;0;0;1;3;0;9744;162;9906;mar-18;;312;44;2888;58;;977;1409;1278;;;646;;;;2090;;;;;;41;9744;162;9906
abr-18;7668;140;7808;7139;377493;abr-18;;0;130;116;289;345;721;454;217;692;1695;985;373;339;855;457;7668;140;7808;abr-18;;1893;3233;2;210;62;70;30;410;1;6;26;101;1270;38;21;12;27;3;54;68;5;122;1;3;0;7668;140;7808;abr-18;;112;1090;1631;609;0;645;46;25;811;9;0;0;967;616;30;594;31;6;5;18;31;58;329;0;0;0;0;0;0;1;4;0;7668;140;7808;abr-18;;278;45;2136;46;;781;1141;1004;;;502;;;;1689;;;;;;46;7668;140;7808
may-18;8000;136;8136;9030;376599;may-18;;0;118;104;273;416;744;492;225;724;1759;990;398;378;868;511;8000;136;8136;may-18;;1960;2868;3;227;62;118;46;339;3;8;49;94;1533;130;31;31;147;3;90;122;5;119;4;8;0;8000;136;8136;may-18;;109;1194;1515;653;0;690;33;16;841;11;0;0;1030;628;65;678;36;6;12;16;70;42;352;0;0;0;0;0;0;0;3;0;8000;136;8136;may-18;;279;39;2335;49;;877;1143;965;;;505;;;;1725;;;;;;82;8000;136;8136
jun-18;6459;113;6572;9303;373868;jun-18;;0;115;99;233;348;556;357;168;597;1354;850;336;294;741;411;6459;113;6572;jun-18;;1523;2268;1;211;71;121;43;281;4;7;29;102;1270;68;31;10;81;1;34;164;2;124;1;12;0;6459;113;6572;jun-18;;78;988;1304;565;0;646;26;10;617;4;0;0;888;486;47;474;25;5;4;7;21;43;220;0;0;0;0;0;0;0;1;0;6459;113;6572;jun-18;;247;39;1840;36;;696;915;791;;;406;;;;1429;;;;;;60;6459;113;6572
jul-18;3551;42;3593;5303;372158;jul-18;;0;83;65;134;156;338;205;93;313;751;435;203;131;408;236;3551;42;3593;jul-18;;866;1073;3;136;27;45;18;212;1;6;15;68;862;12;20;7;37;1;32;56;3;43;2;6;0;3551;42;3593;jul-18;;45;615;672;349;0;236;27;7;355;3;0;0;416;270;23;255;10;4;4;5;90;18;144;0;0;0;0;0;0;0;3;0;3551;42;3593;jul-18;;128;24;1044;22;;343;496;413;;;224;;;;811;;;;;;46;3551;42;3593
ago-18;7262;103;7365;9437;370086;ago-18;;0;105;119;278;356;614;422;192;653;1563;951;317;382;825;485;7262;103;7365;ago-18;;1796;2038;0;299;56;122;37;437;2;11;47;132;1700;58;20;26;86;2;98;144;4;123;4;20;0;7262;103;7365;ago-18;;116;1135;1373;673;0;562;31;19;760;18;0;0;1007;559;76;570;24;2;1;10;10;43;270;0;0;0;0;0;0;0;3;0;7262;103;7365;ago-18;;251;43;2071;36;;745;1062;881;;;464;;;;1651;;;;;;58;7262;103;7365
sep-18;5830;99;5929;8750;367265;sep-18;;0;99;71;207;303;501;341;165;538;1229;787;271;263;636;419;5830;99;5929;sep-18;;1356;1551;0;292;71;109;30;369;3;9;33;101;1412;48;30;15;39;1;73;140;7;129;2;10;0;5830;99;5929;sep-18;;76;969;1116;564;0;451;29;9;546;12;0;0;795;403;52;479;18;8;6;17;32;20;228;0;0;0;0;0;0;0;0;0;5830;99;5929;sep-18;;225;39;1609;34;;602;847;720;;;396;;;;1311;;;;;;47;5830;99;5929
oct-18;6508;127;6635;10523;363377;oct-18;;0;115;103;240;304;603;348;171;579;1377;824;310;354;712;468;6508;127;6635;oct-18;;1455;1704;6;391;97;133;38;365;3;9;33;122;1634;60;20;19;86;3;41;153;10;110;1;15;0;6508;127;6635;oct-18;;95;1103;1334;549;0;469;47;13;576;12;0;0;757;534;57;580;26;1;4;11;51;32;255;1;0;0;0;0;0;0;1;0;6508;127;6635;oct-18;;224;55;1833;49;;644;941;798;;;417;;;;1462;;;;;;84;6508;127;6635
nov-18;5499;86;5585;9517;359445;nov-18;;0;92;91;231;254;502;307;143;462;1123;730;291;314;565;394;5499;86;5585;nov-18;;1109;1451;2;357;49;122;32;349;3;13;41;89;1428;63;15;18;52;3;70;124;2;99;3;5;0;5499;86;5585;nov-18;;67;983;983;546;0;383;26;12;543;9;0;0;737;410;60;439;15;1;9;10;46;21;194;0;0;0;0;0;0;0;5;0;5499;86;5585;nov-18;;200;50;1534;37;;570;859;623;;;326;;;;1239;;;;;;61;5499;86;5585
dic-18;4629;91;4720;8585;355580;dic-18;;0;75;67;158;233;402;266;131;414;959;581;227;236;520;360;4629;91;4720;dic-18;;975;1136;0;252;48;99;34;315;7;6;28;137;1163;100;39;15;45;4;39;96;7;79;1;4;0;4629;91;4720;dic-18;;57;886;874;426;0;301;8;7;423;1;0;0;586;373;44;419;19;0;3;7;23;1;171;0;0;0;0;0;0;0;0;0;4629;91;4720;dic-18;;155;37;1312;41;;468;707;533;;;303;;;;1021;;;;;;51;4629;91;4720
ene-19;55;0;55;931;354704;ene-19;;0;3;1;4;2;9;2;0;4;12;3;2;0;7;6;55;0;55;ene-19;;1;6;0;5;0;0;3;0;0;0;0;8;17;0;0;0;1;0;0;3;0;11;0;0;0;55;0;55;ene-19;;1;21;9;3;0;2;0;0;5;0;0;0;6;2;0;2;1;0;1;0;1;0;1;0;0;0;0;0;0;0;0;0;55;0;55;ene-19;;9;0;13;0;;6;5;9;;;0;;;;12;;;;;;1;55;0;55
feb-19;6045;93;6138;7688;353154;feb-19;;0;116;98;207;269;553;365;155;571;1245;761;284;329;696;396;6045;93;6138;feb-19;;1397;1289;2;431;49;89;18;310;3;3;54;119;1775;44;9;18;68;1;75;148;4;122;1;16;0;6045;93;6138;feb-19;;84;1158;1248;551;0;398;9;12;596;3;0;0;676;398;66;545;33;2;0;10;21;0;232;0;0;0;0;0;0;0;3;0;6045;93;6138;feb-19;;227;58;1608;37;;639;887;702;;;401;;;;1424;;;;;;62;6045;93;6138
mar-19;6083;102;6185;9064;350275;mar-19;;0;98;110;233;304;541;327;171;491;1303;705;306;289;701;504;6083;102;6185;mar-19;;1314;1368;0;426;45;135;31;413;2;6;29;155;1709;40;20;26;64;4;66;135;6;72;4;13;0;6083;102;6185;mar-19;;81;1151;1238;610;0;369;11;9;706;6;0;0;642;448;62;493;23;3;3;6;19;0;200;1;0;0;0;0;0;0;2;0;6083;102;6185;mar-19;;200;35;1602;48;;658;870;728;;;379;;;;1462;;;;;;101;6083;102;6185
abr-19;5707;92;5799;9289;346785;abr-19;;0;121;94;228;273;540;309;130;464;1243;651;314;246;659;435;5707;92;5799;abr-19;;1203;1292;1;452;47;92;55;462;3;7;29;101;1555;52;17;16;47;1;75;114;8;60;3;15;0;5707;92;5799;abr-19;;83;1081;1095;497;0;412;21;18;542;9;0;0;630;414;48;463;18;7;13;5;120;0;229;1;0;0;0;0;0;0;1;0;5707;92;5799;abr-19;;188;44;1515;39;;591;823;645;;;386;;;;1353;;;;;;123;5707;92;5799
may-19;6410;136;6546;11979;341352;may-19;;0;136;104;214;315;576;336;177;571;1389;770;314;294;760;454;6410;136;6546;may-19;;1327;1394;4;425;61;137;45;474;1;6;58;150;1864;39;21;25;49;4;90;125;7;70;4;30;0;6410;136;6546;may-19;;90;1252;1267;672;0;393;39;8;563;3;0;0;716;482;61;614;17;3;4;8;0;0;214;0;0;0;0;0;0;0;4;0;6410;136;6546;may-19;;226;47;1694;43;;637;953;764;;;416;;;;1532;;;;;;98;6410;136;6546
jun-19;5500;114;5614;10059;336907;jun-19;;0;102;82;209;263;473;295;135;511;1178;736;257;237;637;385;5500;114;5614;jun-19;;1000;1237;3;400;52;102;81;388;1;8;32;125;1615;68;11;28;51;2;89;105;8;58;2;34;0;5500;114;5614;jun-19;;74;1068;1044;578;0;341;21;5;580;3;0;0;652;376;47;494;15;2;5;9;0;0;185;0;0;0;0;0;0;0;1;0;5500;114;5614;jun-19;;200;68;1561;37;;593;752;647;;;320;;;;1239;;;;;;83;5500;114;5614
jul-19;3668;72;3740;6594;334053;jul-19;;0;67;56;119;160;291;193;114;292;722;485;297;192;425;255;3668;72;3740;jul-19;;782;1010;0;292;27;77;39;214;1;3;12;92;798;20;18;16;21;2;51;65;4;38;70;16;0;3668;72;3740;jul-19;;38;686;782;350;0;252;17;9;464;3;0;0;377;240;28;291;8;4;3;10;0;0;104;0;0;0;0;0;0;0;2;0;3668;72;3740;jul-19;;127;102;999;28;;353;485;410;;;249;;;;860;;;;;;55;3668;72;3740
ago-19;6659;135;6794;8245;332602;ago-19;;0;119;111;241;320;604;387;175;603;1333;758;323;343;856;486;6659;135;6794;ago-19;;1091;1294;3;567;39;127;59;568;2;9;40;158;2223;57;28;22;22;3;95;163;8;59;11;11;0;6659;135;6794;ago-19;;79;1362;1304;787;0;387;35;10;571;4;0;0;716;434;53;658;12;1;12;9;0;0;213;1;0;0;0;0;0;0;11;0;6659;135;6794;ago-19;;197;60;1787;46;;673;1006;756;;;393;;;;1577;;;;;;164;6659;135;6794
sep-19;6815;133;6948;8708;330842;sep-19;;0;145;117;241;315;556;376;171;631;1429;879;295;318;876;466;6815;133;6948;sep-19;;1102;1657;1;563;95;114;129;579;4;9;27;133;1992;23;14;24;27;1;89;148;7;54;11;12;0;6815;133;6948;sep-19;;75;1292;1450;790;0;462;24;10;613;4;0;0;773;409;43;589;14;0;10;11;0;0;240;0;0;0;0;0;0;0;6;0;6815;133;6948;sep-19;;263;71;1893;46;;660;935;739;;;419;;;;1636;;;;;;153;6815;133;6948
oct-19;7136;146;7282;9517;328607;oct-19;;0;118;97;234;298;572;380;171;648;1470;859;353;384;863;689;7136;146;7282;oct-19;;1147;1841;1;583;87;139;202;563;2;6;26;164;1816;69;23;23;137;2;92;112;8;59;7;27;0;7136;146;7282;oct-19;;80;1254;1402;873;0;561;37;16;703;4;0;0;823;477;67;613;12;4;10;7;0;0;193;0;0;0;0;0;0;0;0;0;7136;146;7282;oct-19;;216;61;1932;41;;684;987;805;;;494;;;;1640;;;;;;276;7136;146;7282
nov-19;6103;118;6221;9562;325266;nov-19;;0;119;108;199;288;538;363;186;502;1243;744;274;255;851;433;6103;118;6221;nov-19;;1196;1445;4;402;28;117;112;547;0;8;23;157;1543;87;23;26;69;5;65;142;10;50;21;23;0;6103;118;6221;nov-19;;66;1140;1337;583;0;391;31;17;547;1;0;0;755;403;64;500;11;2;6;10;0;0;233;0;0;0;0;0;0;0;6;0;6103;118;6221;nov-19;;207;68;1559;32;;637;897;696;;;365;;;;1478;;;;;;164;6103;118;6221
dic-19;5637;112;5749;7842;323173;dic-19;;0;109;104;199;254;459;328;152;476;1105;677;245;287;810;432;5637;112;5749;dic-19;;1156;1613;3;365;40;94;78;521;4;8;28;129;1214;52;17;16;39;0;76;117;1;41;5;20;0;5637;112;5749;dic-19;;59;987;1259;566;0;370;51;8;568;6;0;0;695;355;36;455;12;2;4;9;0;0;192;0;0;0;0;0;0;0;3;0;5637;112;5749;dic-19;;189;36;1384;28;;588;820;681;;;376;;;;1370;;;;;;165;5637;112;5749
ene-20;103;4;107;726;322554;ene-20;;0;2;4;5;5;7;6;3;3;25;9;4;3;12;15;103;4;107;ene-20;;17;42;0;2;0;0;2;1;0;0;0;15;21;1;0;0;1;0;0;0;0;1;0;0;0;103;4;107;ene-20;;8;17;6;38;0;4;6;0;4;0;0;0;5;9;0;0;1;0;0;0;0;0;5;0;0;0;0;0;0;0;0;0;103;4;107;ene-20;;2;0;30;0;1;9;9;6;6;2;1;2;5;2;4;1;2;0;0;0;21;103;4;107
feb-20;5760;107;5867;6156;322265;feb-20;;0;106;91;212;262;489;288;143;493;1202;756;264;273;781;400;5760;107;5867;feb-20;;1098;1341;2;520;90;110;49;472;4;7;9;124;1541;54;14;22;30;1;49;114;3;56;11;39;0;5760;107;5867;feb-20;;58;1078;1219;650;0;444;32;7;466;6;0;0;690;334;43;511;11;1;1;12;0;0;192;0;0;0;0;0;0;0;5;0;5760;107;5867;feb-20;;166;48;1283;27;105;490;517;510;146;66;54;63;98;302;653;61;123;48;63;3;934;5760;107;5867
mar-20;4773;79;4852;4431;322686;mar-20;;0;75;85;139;203;361;262;123;412;1009;565;243;264;736;296;4773;79;4852;mar-20;;1160;1028;1;295;53;83;49;398;1;2;11;82;1260;50;13;13;33;2;54;130;3;36;3;13;0;4773;79;4852;mar-20;;63;910;1122;495;0;256;25;4;440;2;0;0;542;300;39;386;7;2;3;5;0;0;165;4;0;0;0;0;0;0;3;0;4773;79;4852;mar-20;;119;35;960;25;96;403;440;388;171;48;30;51;92;279;585;49;78;47;66;1;810;4773;79;4852
abr-20;76;1;77;2654;320109;abr-20;;0;2;0;0;1;9;8;5;10;14;9;4;1;7;6;76;1;77;abr-20;;39;12;0;0;0;0;1;0;0;0;0;0;16;0;0;1;2;0;5;0;0;0;0;0;0;76;1;77;abr-20;;1;11;11;6;0;5;2;0;6;0;0;0;6;5;0;1;0;0;1;0;0;0;21;0;0;0;0;0;0;0;0;0;76;1;77;abr-20;;3;0;19;0;1;10;7;4;7;2;0;1;1;4;6;1;1;0;1;0;8;76;1;77
may-20;387;4;391;4175;316325;may-20;;0;6;6;12;13;28;18;10;23;56;27;13;21;135;19;387;4;391;may-20;;23;37;0;11;40;22;47;140;0;3;1;3;30;0;1;1;5;0;20;0;1;2;0;0;0;387;4;391;may-20;;0;103;139;28;0;8;2;0;19;1;0;0;43;8;8;17;0;1;8;0;0;0;2;0;0;0;0;0;0;0;0;0;387;4;391;may-20;;16;4;68;4;7;24;29;26;9;6;1;3;2;6;114;4;5;0;2;0;57;387;4;391
jun-20;3136;56;3192;6810;312707;jun-20;;0;78;55;123;145;262;178;59;267;616;346;119;128;541;219;3136;56;3192;jun-20;;75;126;0;585;38;86;61;703;0;10;23;28;1081;29;12;3;74;0;38;143;11;9;0;1;0;3136;56;3192;jun-20;;27;806;694;377;0;167;25;0;191;2;0;0;313;143;45;244;0;2;14;0;0;0;84;1;0;0;0;0;0;0;1;0;3136;56;3192;jun-20;;117;12;647;10;56;233;309;238;80;36;26;23;40;133;505;16;45;23;38;1;548;3136;56;3192
jul-20;4167;79;4246;6273;310680;jul-20;;0;70;43;192;225;386;225;93;372;846;473;197;171;556;318;4167;79;4246;jul-20;;190;199;2;664;42;77;10;622;0;9;21;63;1813;38;20;1;132;1;62;159;5;19;0;18;0;4167;79;4246;jul-20;;34;1019;791;544;0;239;33;4;269;4;0;0;445;191;46;427;12;2;0;4;0;0;92;3;0;0;0;0;1;0;7;0;4167;79;4246;jul-20;;128;29;887;14;72;353;422;311;122;47;33;34;63;168;558;38;75;31;57;4;721;4167;79;4246
ago-20;4898;96;4994;6136;309538;ago-20;;0;83;81;201;256;435;282;110;424;910;562;245;221;756;332;4898;96;4994;ago-20;;640;538;1;450;37;101;66;541;0;5;16;349;1736;34;25;5;130;2;60;108;1;45;0;8;0;4898;96;4994;ago-20;;42;1038;928;592;0;267;39;6;496;5;0;0;566;204;49;494;8;1;17;2;0;0;137;1;0;0;0;0;1;0;5;0;4898;96;4994;ago-20;;157;30;1050;16;94;429;492;368;141;48;44;32;83;209;620;48;103;39;63;3;829;4898;96;4994
sep-20;3869;76;3945;7127;306356;sep-20;;0;59;63;138;196;309;213;110;353;761;522;157;156;553;279;3869;76;3945;sep-20;;631;1069;3;338;32;148;72;303;0;0;17;137;726;43;14;9;108;0;61;101;3;41;2;11;0;3869;76;3945;sep-20;;27;745;918;335;0;297;52;7;322;4;0;0;420;259;55;299;7;1;5;3;0;0;112;0;0;0;0;0;0;0;1;0;3869;76;3945;sep-20;;133;22;877;19;70;327;359;324;103;36;25;31;61;166;408;26;67;28;48;4;735;3869;76;3945
oct-20;5869;108;5977;7328;305005;oct-20;;0;106;88;205;277;527;389;143;578;1258;751;221;263;679;384;5869;108;5977;oct-20;;583;1162;2;307;81;135;81;357;1;5;33;211;2337;72;18;9;73;0;95;206;3;81;1;16;0;5869;108;5977;oct-20;;48;1236;1014;661;0;405;48;14;532;2;0;0;602;417;74;586;17;1;6;6;0;0;193;3;0;0;0;0;0;0;4;0;5869;108;5977;oct-20;;177;38;1388;27;123;523;573;527;160;49;47;42;85;288;569;40;130;44;76;3;960;5869;108;5977
nov-20;5698;114;5812;7053;303764;nov-20;;0;106;100;227;308;484;300;153;529;1076;683;224;301;822;385;5698;114;5812;nov-20;;645;1361;2;252;50;168;69;375;4;7;17;198;2113;68;24;10;91;1;54;115;5;51;0;18;0;5698;114;5812;nov-20;;53;1255;1146;610;0;465;62;11;423;3;0;0;515;328;70;537;14;3;7;8;0;0;184;1;0;0;0;0;0;0;3;0;5698;114;5812;nov-20;;179;44;1315;23;88;483;606;450;149;54;46;34;90;301;607;44;116;53;86;7;923;5698;114;5812
dic-20;4815;83;4898;8719;299943;dic-20;;0;90;67;176;247;427;260;147;407;919;587;219;268;678;323;4815;83;4898;dic-20;;585;1332;2;263;20;159;46;360;4;6;29;131;1474;47;18;14;96;3;67;76;1;46;1;35;0;4815;83;4898;dic-20;;42;963;1066;461;0;509;50;5;313;4;0;0;423;328;40;453;5;1;6;3;0;0;135;3;0;0;0;0;0;0;5;0;4815;83;4898;dic-20;;129;25;1065;24;98;418;477;364;147;42;28;43;82;256;524;35;95;42;37;2;882;4815;83;4898
ene-21;269;5;274;707;299510;ene-21;;0;4;2;7;20;22;12;8;19;61;32;18;14;31;19;269;5;274;ene-21;;18;188;1;1;0;4;4;3;0;1;2;16;22;1;0;1;0;1;2;3;0;1;0;0;0;269;5;274;ene-21;;1;17;68;23;0;41;6;2;35;0;0;0;21;22;2;23;0;0;0;1;0;0;7;0;0;0;0;0;0;0;0;0;269;5;274;ene-21;;6;1;67;0;6;27;21;21;8;2;2;2;7;8;23;2;5;2;4;0;55;269;5;274
feb-21;5727;89;5816;6646;298680;feb-21;;0;105;102;215;290;507;365;140;502;1046;692;226;303;851;383;5727;89;5816;feb-21;;941;1101;0;264;27;109;45;516;4;3;18;129;1952;65;39;7;67;4;61;273;8;47;4;43;0;5727;89;5816;feb-21;;84;1155;1216;602;0;435;57;10;382;3;0;0;658;324;40;549;9;3;3;7;0;0;186;4;0;0;0;0;0;0;0;0;5727;89;5816;feb-21;;165;50;1183;28;96;461;570;472;167;57;33;48;72;302;692;40;137;37;89;3;1025;5727;89;5816
mar-21;7654;149;7803;7874;298609;mar-21;;0;147;115;313;388;678;411;165;661;1480;986;289;373;1151;497;7654;149;7803;mar-21;;1456;1714;4;352;32;183;112;556;1;8;32;153;2337;91;44;24;119;2;90;215;10;64;14;41;0;7654;149;7803;mar-21;;79;1417;1800;763;0;653;105;21;554;6;0;0;743;473;65;739;11;3;7;8;0;0;196;5;0;0;0;0;0;0;6;0;7654;149;7803;mar-21;;239;55;1526;39;142;672;762;659;219;59;50;54;117;391;893;58;161;65;122;9;1362;7654;149;7803
abr-21;7088;144;7232;6948;298893;abr-21;;0;134;113;267;315;589;401;183;646;1421;923;269;301;1059;467;7088;144;7232;abr-21;;1104;2018;5;338;39;123;138;494;2;4;34;187;2005;49;25;21;121;3;79;193;6;57;9;34;0;7088;144;7232;abr-21;;101;1303;1487;792;0;556;99;26;642;5;0;0;616;451;43;679;13;7;9;13;0;0;235;1;0;0;0;0;0;0;10;0;7088;144;7232;abr-21;;189;53;1530;32;140;614;725;646;212;60;59;38;103;358;766;62;179;53;84;1;1184;7088;144;7232
may-21;7476;139;7615;7364;299144;may-21;;0;143;104;245;325;633;380;179;646;1492;1049;320;364;1131;465;7476;139;7615;may-21;;1446;2830;1;265;31;67;142;474;1;2;28;156;1637;42;15;8;75;0;76;106;3;36;2;33;0;7476;139;7615;may-21;;67;1236;1856;787;0;681;77;22;679;2;0;0;717;413;30;682;9;3;9;7;0;0;189;1;0;0;0;0;0;0;9;0;7476;139;7615;may-21;;191;72;1530;39;181;628;771;684;179;70;49;45;101;457;858;65;184;54;98;3;1217;7476;139;7615
jun-21;8697;172;8869;9203;298810;jun-21;;0;162;132;323;400;715;450;225;761;1760;1118;401;416;1267;567;8697;172;8869;jun-21;;1691;3033;1;409;35;117;72;527;0;6;37;226;2039;43;28;26;92;1;70;131;15;71;5;22;0;8697;172;8869;jun-21;;107;1524;1891;942;0;771;127;27;892;4;0;0;802;513;42;774;17;2;10;13;0;0;232;2;0;0;0;0;0;0;5;0;8697;172;8869;jun-21;;230;51;1925;36;204;712;901;779;246;90;56;66;103;528;977;62;196;64;138;5;1328;8697;172;8869
jul-21;4701;85;4786;5866;297730;jul-21;;0;80;64;175;212;391;242;108;375;901;588;206;247;785;327;4701;85;4786;jul-21;;1004;1486;2;268;24;65;62;311;3;4;17;152;972;57;15;19;50;3;68;70;1;37;1;10;0;4701;85;4786;jul-21;;53;861;1259;479;0;340;57;8;396;2;0;0;436;286;25;311;6;3;9;11;0;0;157;0;0;0;0;0;0;0;2;0;4701;85;4786;jul-21;;148;31;974;9;89;382;482;386;124;40;32;37;74;270;635;39;111;45;50;2;741;4701;85;4786
ago-21;7838;149;7987;8503;297214;ago-21;;0;129;124;268;354;619;390;190;683;1573;988;360;385;1243;532;7838;149;7987;ago-21;;1401;3163;0;522;31;142;73;661;3;10;34;201;957;58;43;18;144;8;73;190;6;79;2;19;0;7838;149;7987;ago-21;;84;1372;1834;803;0;720;97;15;675;6;0;0;753;486;44;666;18;4;6;12;0;0;231;3;0;0;0;0;0;0;9;0;7838;149;7987;ago-21;;253;78;1607;26;160;660;750;713;233;83;61;59;97;470;955;66;180;58;85;7;1237;7838;149;7987
sep-21;7954;120;8074;9842;295446;sep-21;;0;147;124;269;298;646;405;194;676;1605;983;366;394;1323;524;7954;120;8074;sep-21;;1889;2792;4;479;53;112;97;753;2;8;33;180;852;69;28;11;116;5;91;234;14;85;9;38;0;7954;120;8074;sep-21;;111;1290;2002;689;0;767;89;25;781;5;0;0;775;429;32;644;17;1;5;16;0;0;269;5;0;0;0;0;0;0;2;0;7954;120;8074;sep-21;;290;62;1551;27;166;647;805;701;237;75;45;63;131;477;1022;74;193;61;103;6;1218;7954;120;8074
oct-21;6815;105;6920;8288;294078;oct-21;;0;120;93;230;279;511;354;173;556;1399;881;324;275;1213;407;6815;105;6920;oct-21;;1432;2609;0;500;27;95;55;725;3;6;27;149;545;95;20;8;128;4;51;205;7;73;3;48;0;6815;105;6920;oct-21;;76;1126;1765;526;0;648;105;17;651;5;0;0;658;417;36;540;12;1;6;15;0;0;201;8;0;0;0;0;1;0;1;0;6815;105;6920;oct-21;;177;55;1317;20;154;580;655;644;189;64;46;39;98;429;1015;46;149;52;78;1;1007;6815;105;6920
nov-21;6756;140;6896;8742;292232;nov-21;;0;132;68;225;286;536;310;151;584;1359;865;318;338;1144;440;6756;140;6896;nov-21;;1380;2610;3;426;35;88;63;795;5;11;28;155;519;68;25;13;143;4;80;168;4;75;6;51;1;6756;140;6896;nov-21;;69;1146;1679;543;0;658;128;14;652;5;0;0;676;423;41;504;13;4;1;18;0;0;173;5;0;0;0;0;0;0;4;0;6756;140;6896;nov-21;;225;67;1369;36;139;550;655;602;203;46;38;45;82;425;963;55;170;49;79;2;956;6756;140;6896
dic-21;6177;131;6308;8541;289999;dic-21;;0;90;82;200;264;477;331;137;499;1238;833;264;324;1060;378;6177;131;6308;dic-21;;1333;2201;2;377;36;93;77;823;4;7;22;121;433;144;22;17;151;6;55;141;3;78;13;18;0;6177;131;6308;dic-21;;73;1003;1467;511;0;602;110;15;610;6;0;0;682;364;28;530;18;2;9;6;0;0;130;6;0;0;0;0;0;0;5;0;6177;131;6308;dic-21;;209;85;1244;23;137;452;646;594;164;62;32;49;90;376;887;52;168;42;89;6;770;6177;131;6308
ene-22;177;2;179;502;289676;ene-22;;0;3;1;4;3;20;6;8;10;72;13;4;9;16;8;177;2;179;ene-22;;4;83;0;0;0;0;44;1;0;0;1;11;10;0;0;0;14;6;0;0;0;3;0;0;0;177;2;179;ene-22;;2;24;50;13;0;9;0;0;45;0;0;0;12;12;1;6;1;0;0;1;0;0;1;0;0;0;0;0;0;0;0;0;177;2;179;ene-22;;5;39;28;0;5;13;18;11;1;1;2;1;3;8;15;0;3;1;2;0;21;177;2;179
feb-22;7264;138;7402;5971;291107;feb-22;;0;106;89;217;270;532;340;164;612;1483;901;421;366;1293;470;7264;138;7402;feb-22;;1458;2882;0;529;20;91;53;829;0;3;33;155;627;36;19;4;187;2;50;185;10;72;2;17;0;7264;138;7402;feb-22;;80;1272;1948;559;0;681;129;19;684;6;0;0;715;384;34;592;9;5;7;14;0;0;117;3;0;0;0;0;0;0;6;0;7264;138;7402;feb-22;;212;67;1485;32;173;597;741;703;187;63;47;46;96;438;1106;68;179;52;102;3;867;7264;138;7402
mar-22;7881;162;8043;8009;291141;mar-22;;0;140;105;262;327;596;365;195;628;1644;1019;338;377;1384;501;7881;162;8043;mar-22;;1481;2822;2;799;32;124;119;862;0;7;41;145;747;70;20;17;213;4;76;192;11;60;13;24;0;7881;162;8043;mar-22;;87;1348;2015;718;0;746;102;10;808;0;0;0;716;464;47;647;12;8;10;18;0;0;115;6;0;0;0;0;0;0;4;0;7881;162;8043;mar-22;;230;151;1551;25;170;612;828;754;191;78;50;49;109;509;1179;61;201;54;119;7;953;7881;162;8043
abr-22;7004;136;7140;8375;289906;abr-22;;0;104;109;193;309;523;339;157;560;1480;894;332;369;1228;407;7004;136;7140;abr-22;;1165;2724;1;598;35;94;97;853;0;2;21;181;669;69;15;9;125;1;38;213;6;58;7;23;0;7004;136;7140;abr-22;;72;1196;1826;640;0;726;55;11;608;8;0;0;721;376;37;567;15;5;9;11;0;0;108;10;1;0;0;0;0;0;2;0;7004;136;7140;abr-22;;223;70;1428;25;162;576;792;695;170;64;43;43;92;453;1078;54;176;43;108;6;703;7004;136;7140
may-22;7615;137;7752;10010;287648;may-22;;0;115;108;222;327;547;304;202;613;1601;978;358;452;1300;488;7615;137;7752;may-22;;1362;2916;2;738;38;109;128;897;3;10;37;176;628;71;16;11;155;1;43;151;6;70;8;39;0;7615;137;7752;may-22;;76;1203;1970;684;0;816;59;12;722;9;0;0;746;467;33;637;16;8;8;4;0;0;132;9;0;0;0;0;0;0;4;0;7615;137;7752;may-22;;209;112;1619;31;189;616;713;703;205;79;49;46;102;548;1176;62;227;53;130;5;741;7615;137;7752
jun-22;7190;130;7320;11627;283341;jun-22;;0;141;92;248;273;554;309;153;615;1431;977;325;388;1250;434;7190;130;7320;jun-22;;1107;2878;1;711;43;135;51;921;0;7;28;175;565;64;21;12;140;3;44;179;9;57;13;26;0;7190;130;7320;jun-22;;68;1208;1906;596;0;725;80;10;647;6;0;0;677;421;33;650;13;2;4;10;0;0;123;8;0;0;0;0;0;0;3;0;7190;130;7320;jun-22;;239;63;1510;30;170;546;782;748;167;61;43;55;105;484;1101;57;203;51;117;5;653;7190;130;7320
jul-22;4797;78;4875;5980;282236;jul-22;;0;90;82;158;182;365;238;133;413;966;610;237;216;782;325;4797;78;4875;jul-22;;716;2064;1;543;16;71;37;464;0;6;18;107;362;44;7;8;72;2;10;160;4;39;7;39;0;4797;78;4875;jul-22;;52;862;1176;404;0;476;40;11;424;7;0;0;465;306;24;403;11;4;1;7;0;0;119;3;0;0;0;0;0;0;2;0;4797;78;4875;jul-22;;143;39;1083;18;99;409;513;521;91;40;19;39;67;306;693;33;112;44;95;2;431;4797;78;4875
ago-22;10489;161;10650;9013;283873;ago-22;;0;194;127;293;426;776;489;249;858;2285;1299;574;573;1795;551;10489;161;10650;ago-22;;1971;4632;0;684;38;127;42;1188;3;7;16;193;846;49;19;12;206;2;43;256;6;100;6;43;0;10489;161;10650;ago-22;;114;1608;2825;931;0;1091;72;14;1026;14;0;0;998;600;46;934;25;7;9;17;0;0;143;9;0;0;0;0;0;0;6;0;10489;161;10650;ago-22;;284;95;2266;44;290;840;1082;1081;266;101;55;75;158;765;1583;95;302;119;165;7;816;10489;161;10650
sep-22;11904;238;12142;9377;286638;sep-22;;0;188;177;348;430;907;546;272;968;2497;1580;606;582;2251;552;11904;238;12142;sep-22;;3468;4115;5;1059;22;146;63;1120;4;4;32;228;992;78;31;4;162;6;34;186;11;87;27;20;0;11904;238;12142;sep-22;;126;1881;3262;1030;0;1153;87;30;1049;10;0;0;1167;730;53;1082;16;7;5;17;0;0;181;14;0;0;0;0;0;0;4;0;11904;238;12142;sep-22;;329;76;2514;41;310;993;1241;1179;328;115;60;110;174;935;1923;106;380;97;236;7;750;11904;238;12142
oct-22;9718;175;9893;7964;288567;oct-22;;0;147;130;273;350;704;492;233;742;2033;1285;576;521;1703;529;9718;175;9893;oct-22;;2350;3628;0;1072;30;98;52;860;3;4;32;163;861;65;16;5;130;5;33;194;9;66;5;37;0;9718;175;9893;oct-22;;102;1492;2587;767;0;946;56;18;974;9;0;0;942;598;39;881;16;8;11;14;0;0;253;4;0;0;0;0;0;0;1;0;9718;175;9893;oct-22;;236;69;2098;40;275;837;1053;1008;244;90;69;78;154;719;1509;77;285;76;188;5;608;9718;175;9893
nov-22;10195;200;10395;9939;289023;nov-22;;0;158;134;300;379;720;500;240;829;2138;1284;551;582;1827;553;10195;200;10395;nov-22;;2254;3987;2;1161;32;125;57;883;0;2;36;141;936;60;16;10;145;4;29;212;8;56;17;22;0;10195;200;10395;nov-22;;105;1576;2729;806;0;1077;88;22;894;8;0;0;957;576;37;976;9;11;4;19;0;0;289;9;0;0;0;0;0;0;3;0;10195;200;10395;nov-22;;268;83;2289;51;295;803;1053;1055;279;93;63;87;147;727;1581;100;312;95;187;6;621;10195;200;10395
dic-22;8606;145;8751;10064;287710;dic-22;;0;118;107;185;320;677;444;212;667;1880;1141;477;437;1472;469;8606;145;8751;dic-22;;2012;3500;0;732;20;94;56;619;2;2;22;132;878;71;19;7;145;6;31;146;6;64;10;32;0;8606;145;8751;dic-22;;75;1288;2114;698;0;826;99;21;745;10;0;0;801;518;24;819;22;6;9;15;0;0;503;11;0;0;0;0;0;0;2;0;8606;145;8751;dic-22;;194;62;1986;47;254;751;927;931;219;75;45;75;138;596;1240;57;274;77;161;2;495;8606;145;8751
ene-23;410;5;415;846;287279;ene-23;;0;4;4;9;26;42;43;16;44;98;26;18;1;57;22;410;5;415;ene-23;;82;261;0;8;0;7;8;10;0;0;0;10;14;0;1;1;5;2;1;0;0;0;0;0;0;410;5;415;ene-23;;2;12;9;5;0;15;2;0;7;0;0;0;7;23;0;15;1;1;0;0;0;0;311;0;0;0;0;0;0;0;0;0;410;5;415;ene-23;;9;2;138;2;1;44;56;15;39;4;2;2;8;8;16;1;23;2;7;1;30;410;5;415
feb-23;11471;218;11689;6933;292035;feb-23;;0;156;134;284;416;818;599;280;926;2407;1632;617;684;1980;538;11471;218;11689;feb-23;;2722;4959;0;846;23;83;47;644;1;4;44;193;1224;38;34;10;143;4;19;318;9;63;12;31;0;11471;218;11689;feb-23;;103;1767;3180;878;0;1170;95;17;1026;15;0;0;1093;585;26;1146;15;7;7;21;0;0;291;20;0;0;0;0;0;0;9;0;11471;218;11689;feb-23;;230;98;2579;53;328;930;1234;1271;369;137;72;66;179;925;1657;119;375;96;216;8;529;11471;218;11689
mar-23;14038;249;14287;9810;296512;mar-23;;0;179;172;368;491;1003;653;368;1148;2930;2055;704;787;2617;563;14038;249;14287;mar-23;;3754;5172;0;1219;43;134;117;974;0;4;31;367;1334;82;37;17;303;6;52;215;12;101;31;33;0;14038;249;14287;mar-23;;138;2165;3797;1180;0;1386;75;36;1224;18;0;0;1361;780;47;1391;18;16;9;22;0;0;347;16;0;0;0;0;0;0;12;0;14038;249;14287;mar-23;;316;131;3204;52;364;1186;1523;1582;375;129;79;141;191;1083;2173;124;435;134;244;11;561;14038;249;14287
abr-23;11180;219;11399;8897;299014;abr-23;;0;188;107;290;426;799;518;282;906;2317;1536;653;663;2075;420;11180;219;11399;abr-23;;2998;3908;0;980;63;137;60;827;2;6;20;266;1153;41;66;17;233;2;44;203;13;103;12;26;0;11180;219;11399;abr-23;;101;1824;3005;904;0;1034;56;32;1062;10;0;0;1042;599;36;1067;30;31;7;20;0;0;300;13;0;0;0;0;0;0;7;0;11180;219;11399;abr-23;;296;93;2533;41;272;938;1152;1290;334;125;70;83;169;833;1757;98;353;93;206;7;437;11180;219;11399
may-23;11280;194;11474;10283;300205;may-23;;0;176;119;297;402;802;547;241;904;2394;1593;618;663;2040;484;11280;194;11474;may-23;;2333;4667;2;989;38;129;80;860;2;2;27;228;1111;83;61;7;222;3;62;216;4;100;12;42;0;11280;194;11474;may-23;;132;1762;3038;816;0;1113;86;22;1053;14;0;0;1062;600;41;1148;26;27;10;20;0;0;285;16;0;0;0;0;0;0;9;0;11280;194;11474;may-23;;262;110;2527;48;303;959;1185;1328;328;102;76;77;189;803;1765;135;337;91;229;5;421;11280;194;11474
jun-23;10328;171;10499;10730;299974;jun-23;;0;145;127;292;401;760;501;249;880;2119;1457;565;639;1793;400;10328;171;10499;jun-23;;1843;4547;2;832;54;199;68;712;2;5;30;217;1097;49;61;15;198;10;44;173;10;92;12;56;0;10328;171;10499;jun-23;;122;1731;2743;777;0;1018;85;28;934;15;0;0;930;545;47;1021;15;26;6;21;0;0;242;14;0;0;0;0;0;0;8;0;10328;171;10499;jun-23;;269;82;2427;54;305;861;1159;1131;258;99;69;86;155;750;1553;111;313;90;185;6;365;10328;171;10499
jul-23;5942;97;6039;6395;299618;jul-23;;0;72;62;171;228;432;282;146;486;1243;878;319;348;1041;234;5942;97;6039;jul-23;;1061;2485;0;552;24;94;41;491;1;3;13;159;563;48;31;8;144;3;29;112;5;59;2;14;0;5942;97;6039;jul-23;;52;956;1563;429;0;597;66;6;543;13;0;0;533;334;20;620;13;13;9;10;0;0;158;1;0;0;0;0;0;0;6;0;5942;97;6039;jul-23;;195;46;1387;19;154;521;643;670;185;50;46;37;79;394;938;63;169;58;103;4;181;5942;97;6039
ago-23;12023;208;12231;10939;300910;ago-23;;0;144;145;297;448;872;570;275;988;2558;1670;677;736;2157;486;12023;208;12231;ago-23;;2067;5218;2;827;30;189;82;915;1;7;49;260;1499;57;90;14;249;7;54;260;11;84;17;34;0;12023;208;12231;ago-23;;111;1997;3282;937;0;1036;88;24;1083;16;0;0;1092;615;49;1276;19;42;9;22;0;0;304;14;0;0;0;0;0;0;7;0;12023;208;12231;ago-23;;318;105;2721;64;333;979;1304;1378;371;108;73;91;177;889;1884;116;349;122;203;7;431;12023;208;12231
sep-23;10523;182;10705;10802;300813;sep-23;;0;140;105;273;396;792;504;299;830;2223;1512;586;608;1833;422;10523;182;10705;sep-23;;1702;4458;0;752;30;196;84;785;3;5;44;236;1380;71;69;15;222;8;46;264;12;88;14;38;1;10523;182;10705;sep-23;;79;1763;2831;897;0;895;68;34;889;16;0;0;985;540;49;1133;19;28;6;23;0;0;239;15;1;0;0;0;0;0;13;0;10523;182;10705;sep-23;;278;78;2452;46;275;890;1159;1237;286;113;65;77;154;749;1616;100;326;109;212;8;293;10523;182;10705
oct-23;9857;193;10050;10855;300008;oct-23;;0;126;99;253;355;726;477;228;822;2052;1377;561;616;1769;396;9857;193;10050;oct-23;;1848;3914;1;690;28;191;96;762;2;6;41;271;1285;58;63;14;202;8;49;228;9;56;17;18;0;9857;193;10050;oct-23;;61;1641;2717;778;0;832;54;20;860;8;0;0;943;510;40;1075;14;29;9;24;0;0;218;12;1;0;0;0;0;0;11;0;9857;193;10050;oct-23;;281;96;2261;58;253;777;1088;1135;301;98;60;65;143;700;1580;104;297;99;169;6;286;9857;193;10050
nov-23;9686;162;9848;11194;298662;nov-23;;0;139;109;265;342;703;428;244;844;1979;1429;517;588;1676;423;9686;162;9848;nov-23;;1749;3726;2;775;48;187;114;715;3;5;45;327;1221;49;52;29;265;3;46;174;8;77;11;55;0;9686;162;9848;nov-23;;80;1695;2478;756;0;823;69;20;938;12;0;0;943;520;54;967;24;21;9;24;0;0;231;10;2;0;0;0;0;0;10;0;9686;162;9848;nov-23;;274;77;2302;52;230;821;1068;1120;237;70;70;52;154;703;1519;103;309;91;178;4;252;9686;162;9848
dic-23;9140;149;9289;10534;297417;dic-23;;0;113;113;215;314;631;432;265;786;1929;1277;526;591;1569;379;9140;149;9289;dic-23;;1859;3776;1;689;26;131;78;642;0;8;35;235;1099;31;44;11;201;6;51;110;7;53;17;30;0;9140;149;9289;dic-23;;75;1522;2358;684;0;677;47;22;922;14;0;0;903;539;49;1034;15;26;4;27;0;0;206;6;3;1;0;0;0;0;6;0;9140;149;9289;dic-23;;235;76;2235;38;221;802;958;1022;289;93;60;71;116;630;1421;97;276;76;195;8;221;9140;149;9289
ene-24;153;5;158;809;296766;ene-24;;0;5;0;6;4;6;11;3;10;32;18;9;5;36;8;153;5;158;ene-24;;6;32;1;9;0;0;0;7;0;2;2;39;16;6;1;1;19;0;1;0;0;3;0;8;0;153;5;158;ene-24;;1;29;19;9;0;35;1;0;18;0;0;0;14;17;2;4;1;1;0;0;0;0;2;0;0;0;0;0;0;0;0;0;153;5;158;ene-24;;5;8;34;0;1;16;13;14;3;0;0;0;3;7;39;2;4;0;1;0;3;153;5;158
feb-24;12884;205;13089;9525;300330;feb-24;;0;162;120;311;452;891;572;347;1119;2819;1822;679;811;2254;525;12884;205;13089;feb-24;;2568;5191;1;1038;21;169;62;1019;1;3;81;218;1639;46;51;15;267;7;37;340;10;68;15;17;0;12884;205;13089;feb-24;;93;2106;3468;1027;0;961;53;34;1272;12;0;0;1239;747;52;1398;26;20;8;22;0;0;327;0;2;5;0;0;0;0;12;0;12884;205;13089;feb-24;;308;127;2925;62;337;1135;1395;1471;433;157;91;84;208;910;2033;152;418;122;238;10;268;12884;205;13089
mar-24;11620;198;11818;11157;300991;mar-24;;0;145;127;283;433;840;544;256;1004;2509;1725;674;701;1972;407;11620;198;11818;mar-24;;2183;4431;1;942;22;188;121;956;2;4;68;312;1564;55;48;14;263;9;23;253;11;76;29;45;0;11620;198;11818;mar-24;;30;1949;3071;1005;0;845;45;21;1138;20;0;0;1103;739;52;1291;18;16;11;17;0;0;223;0;2;5;0;0;0;0;19;0;11620;198;11818;mar-24;;324;98;2738;61;277;960;1281;1397;342;121;72;76;170;815;1859;119;333;117;221;9;230;11620;198;11818
